效果名	分组	判定	亮度比中位	|ln|	置信度	峰值亮点	原版有内容时段	导出有内容时段	寿命差异	单帧旧判定	单帧L1	技术构成	人工备注
AcidSpraySweepAttack	C	只有原版有内容 —— 导出整个丢了			低	72	0.50–3.00s	—		偏亮	0.0003	精灵图 多发射器(13) Sprite	
Buff_SW_Runes 1	C	只有原版有内容 —— 导出整个丢了			低	69	0.30–0.30s	—		偏暗	0.0003	精灵图 7发射器	
BulletImpact_Bolter_Large Area	C	只有原版有内容 —— 导出整个丢了			低	60	0.75–0.75s	—		对得上	0.0001	Mesh粒子 精灵图 多发射器(16) Matcap	
BulletImpact_Lascannon_2shots	C	只有原版有内容 —— 导出整个丢了			低	60	1.50–1.50s	—		对得上	0.0010	精灵图 多发射器(19)	
EnvironmentalCondition Saim Hann Webway Rift	C	只有原版有内容 —— 导出整个丢了			低	60	3.00–3.00s	—		偏亮	0.0002	精灵图 多发射器(55)	
MegaBlasta	C	只有原版有内容 —— 导出整个丢了			低	65	0.30–0.30s	—		只有导出有	0.0002	精灵图 多发射器(23)	
Relentless Fusillade sniper	C	只有原版有内容 —— 导出整个丢了			低	61	0.30–0.30s	—		两边都空	0.0000	精灵图 多发射器(37) 抓屏扭曲	
Tidewall Gunrig	C	只有原版有内容 —— 导出整个丢了			低	62	0.30–0.50s	—		对得上	0.0000	精灵图 多发射器(19) Sprite/抓屏扭曲	
BulletTrail_Single	D	只有导出有内容			低	62	—	0.75–0.75s		两边都空	0.0000	Mesh粒子 精灵图 多发射器(9)	
CardPrefab	E	偏暗（导出更暗/更稀）	0.13	2.079	高	12557	0.15–3.00s	0.15–3.00s		偏暗	0.1420	Mesh粒子 精灵图 2发射器 Sprite/UI/文字	
Explosion Hive Fleet Arrival Tendrils OLD	E	偏暗（导出更暗/更稀）	0.20	1.585	高	977	0.15–3.00s	0.15–2.00s	导出提前 3.00s 结束	偏暗	0.0009	Mesh粒子 精灵图 多发射器(52) Matcap/抓屏扭曲	
EnvironmentalCondition Sororitas Raging Storm	E	偏暗（导出更暗/更稀）	0.60	0.503	高	1013	0.15–3.00s	0.15–3.00s		对得上	0.0007	精灵图 多发射器(16)	
EnvironmentalCondition Ultramarines Thunderstorm	E	偏暗（导出更暗/更稀）	0.64	0.449	高	797	0.50–0.75s	0.75–0.75s		两边都空	0.0000	精灵图 多发射器(46)	
Buff_Blue_SW	E	偏暗（导出更暗/更稀）	0.66	0.417	高	892	0.15–0.75s	0.15–0.75s		两边都空	0.0001	精灵图 6发射器	
Basic_army_GSC_Jackal	E	偏暗（导出更暗/更稀）	0.66	0.413	高	791	0.15–2.00s	0.15–2.00s		对得上	0.0012	Mesh粒子 精灵图 多发射器(14) Matcap	
Psychic_Lightning_down	E	偏暗（导出更暗/更稀）	0.67	0.408	高	683	0.15–0.50s	0.15–0.50s		两边都空	0.0000	精灵图 多发射器(9)	
Buff_Blue_SW_Wolf	E	偏暗（导出更暗/更稀）	0.67	0.400	高	881	0.15–0.50s	0.15–0.50s		两边都空	0.0000	精灵图 6发射器	
Basic_army_GSC_intense	E	偏暗（导出更暗/更稀）	0.67	0.397	高	929	0.15–2.00s	0.15–2.00s		对得上	0.0015	精灵图 多发射器(11)	
Basic_army_GSC_shake	E	偏暗（导出更暗/更稀）	0.68	0.392	高	735	0.15–1.50s	0.15–1.50s		对得上	0.0011	精灵图 多发射器(9)	
Basic_army_GSC	E	偏暗（导出更暗/更稀）	0.68	0.391	高	734	0.15–1.50s	0.15–1.50s		对得上	0.0011	精灵图 多发射器(9)	
Tap Red Glow Eye	E	偏暗（导出更暗/更稀）	0.69	0.377	高	698	0.15–0.75s	0.15–0.75s		两边都空	0.0000	精灵图 3发射器	
DeckBuff_Tau	E	偏暗（导出更暗/更稀）	0.69	0.365	高	1922	0.15–1.50s	0.15–1.50s		对得上	0.0031	精灵图 4发射器	
Tap Webway Portal	E	偏亮（导出更亮/更密）	1.44	0.365	高	775	0.15–0.30s	0.15–0.30s		两边都空	0.0000	精灵图 5发射器 抓屏扭曲	
ShieldTraitEffect_Idle Necron Variant	E	偏亮（导出更亮/更密）	1.45	0.372	高	553	0.15–3.00s	0.15–3.00s		对得上	0.0013	精灵图 多发射器(13)	
ShieldTraitEffect_Idle TAU Variant	E	偏亮（导出更亮/更密）	1.45	0.373	高	543	0.15–3.00s	0.15–3.00s		对得上	0.0014	精灵图 多发射器(13)	
OrkBuff_Snakebitez_2_Intense	E	偏亮（导出更亮/更密）	1.46	0.380	高	545	0.15–1.00s	0.15–1.00s		对得上	0.0009	精灵图 多发射器(10) 抓屏扭曲	
OrkBuffGreenWaaagh	E	偏亮（导出更亮/更密）	1.48	0.394	高	1233	0.15–1.00s	0.15–1.00s		对得上	0.0004	Mesh粒子 精灵图 多发射器(10) Sprite	
OrkBuff_Recall	E	偏亮（导出更亮/更密）	1.54	0.430	高	965	0.15–1.00s	0.15–1.00s		对得上	0.0000	精灵图 多发射器(8)	
Tap Plasma generator	E	偏亮（导出更亮/更密）	1.57	0.450	高	1111	0.15–1.00s	0.15–1.00s		偏暗	0.0011	精灵图 4发射器 抓屏扭曲	
Buff_DA_Forest_Self	E	偏亮（导出更亮/更密）	2.12	0.750	高	952	0.30–3.00s	0.15–3.00s		偏亮	0.0017	精灵图 6发射器 拖尾	
Buff_Tau_Kroot_FriendlyBoard	E	偏亮（导出更亮/更密）	3.21	1.166	高	723	0.30–1.00s	0.15–1.00s		偏亮	0.0015	精灵图 多发射器(9) 抓屏扭曲	
Psychic_Lightning_down_Intense_white	E	偏暗（导出更暗/更稀）	0.55	0.603	中	242	0.15–1.00s	0.15–1.00s		两边都空	0.0000	精灵图 多发射器(13)	
CreateCard EC Elixir	E	偏暗（导出更暗/更稀）	0.56	0.588	中	359	0.15–1.50s	0.15–1.50s		对得上	0.0026	精灵图 多发射器(11)	
Psychic_Lightning_Red	E	偏暗（导出更暗/更稀）	0.62	0.479	中	202	0.15–0.50s	0.15–0.50s		只有导出有	0.0004	精灵图 多发射器(9)	
Psychic_Lightning_Purple	E	偏暗（导出更暗/更稀）	0.66	0.411	中	254	0.15–0.50s	0.15–0.50s		只有导出有	0.0002	精灵图 多发射器(9)	
Psychic_Lightning	E	偏暗（导出更暗/更稀）	0.67	0.394	中	236	0.15–0.50s	0.15–0.50s		只有原版有	0.0001	精灵图 多发射器(9)	
Psychic_Lightning_white	E	偏暗（导出更暗/更稀）	0.68	0.388	中	241	0.15–0.50s	0.15–0.50s		两边都空	0.0000	精灵图 多发射器(9)	
Buff_Sororitas_quick	E	偏暗（导出更暗/更稀）	0.68	0.383	中	467	0.15–1.00s	0.15–0.75s	导出提前 1.00s 结束	偏暗	0.0007	精灵图 5发射器	
Sororitas_Divine Intervention_ Battleground	E	偏暗（导出更暗/更稀）	0.68	0.382	中	218	3.00–3.00s	3.00–3.00s		两边都空	0.0000	精灵图 多发射器(13)	
SAU_CardDraw	E	偏亮（导出更亮/更密）	1.66	0.507	中	223	0.75–1.00s	0.50–1.00s		偏亮	0.0003	精灵图 5发射器 Sprite	
UM_CardDraw	E	偏亮（导出更亮/更密）	1.85	0.614	中	265	0.30–1.00s	0.15–1.00s		偏亮	0.0001	精灵图 5发射器 Sprite	
BulletImpact_AcidSpit	E	偏暗（导出更暗/更稀）	0.56	0.577	低	174	0.15–1.00s	0.30–1.00s		偏亮	0.0008	精灵图 多发射器(11)	
Relentless Fusillade	E	偏暗（导出更暗/更稀）	0.59	0.530	低	146	0.15–1.00s	0.15–1.00s		偏亮	0.0007	精灵图 多发射器(33)	
Pulse Onslaught	E	偏暗（导出更暗/更稀）	0.60	0.508	低	85	0.30–0.75s	0.30–0.50s	导出提前 0.75s 结束	偏亮	0.0011	精灵图 多发射器(17)	
Environmental Condition Astra Militarum Factory Overdrive	E	偏暗（导出更暗/更稀）	0.63	0.463	低	153	0.50–3.00s	0.75–3.00s		偏亮	0.0005	精灵图 多发射器(31)	
CreateCard Gold	E	偏暗（导出更暗/更稀）	0.65	0.431	低	124	0.30–1.50s	0.50–1.50s		对得上	0.0006	精灵图 多发射器(14)	
BulletImpact_DeathSpinner_twinlink_large	E	偏暗（导出更暗/更稀）	0.66	0.418	低	179	0.15–1.00s	0.15–1.00s		两边都空	0.0000	精灵图 多发射器(22)	
Solar Beam Target	E	偏暗（导出更暗/更稀）	0.68	0.379	低	113	0.75–1.00s	0.75–1.00s		偏亮	0.0005	精灵图 7发射器	
Armor_Necron	W	两边全程空（完全脚本驱动 / 需要触发条件）			低	56	—	—		对得上	0.0000	精灵图 多发射器(31) Sprite	
Atk_BulletImpact_Vox-pulse	W	两边全程空（完全脚本驱动 / 需要触发条件）			低	23	—	—		两边都空	0.0000	精灵图 多发射器(10) 抓屏扭曲	
Atk_BulletImpact_Vox-pulse digital	W	两边全程空（完全脚本驱动 / 需要触发条件）			低	28	—	—		两边都空	0.0000	精灵图 多发射器(10) 抓屏扭曲	
Atk_BulletImpact_Vox-pulse purple	W	两边全程空（完全脚本驱动 / 需要触发条件）			低	32	—	—		两边都空	0.0000	精灵图 多发射器(10) 抓屏扭曲	
Atk_ChemVial_2	W	两边全程空（完全脚本驱动 / 需要触发条件）			低	18	—	—		两边都空	0.0000	Mesh粒子 精灵图 多发射器(12) Matcap/拖尾	
AttackHitSmall	W	两边全程空（完全脚本驱动 / 需要触发条件）			低	17	—	—		两边都空	0.0000	精灵图 5发射器	
AttackSquigEffect	W	两边全程空（完全脚本驱动 / 需要触发条件）			低	15	—	—		两边都空	0.0000	Mesh粒子 精灵图 多发射器(9) Matcap	
Aura_WhileInPlay_1	W	两边全程空（完全脚本驱动 / 需要触发条件）			低	7	—	—		只有导出有	0.0001	精灵图 6发射器	
Aura_WhileInPlay_2	W	两边全程空（完全脚本驱动 / 需要触发条件）			低	14	—	—		偏亮	0.0003	精灵图 6发射器	
Backstab Dagger	W	两边全程空（完全脚本驱动 / 需要触发条件）			低	27	—	—		只有原版有	0.0000	Mesh粒子 精灵图 多发射器(11) Matcap/抓屏扭曲	
Blacksword_Missile_offscreen	W	两边全程空（完全脚本驱动 / 需要触发条件）			低	14	—	—		偏亮	0.0002	Mesh粒子 精灵图 多发射器(27) Matcap/抓屏扭曲	
Blast_Big_Ork	W	两边全程空（完全脚本驱动 / 需要触发条件）			低	45	—	—		对得上	0.0001	Mesh粒子 精灵图 多发射器(16) Matcap	
Blast_Big_Ork_Missiles	W	两边全程空（完全脚本驱动 / 需要触发条件）			低	46	—	—		对得上	0.0001	Mesh粒子 精灵图 多发射器(43) Matcap	
Blast_Plasma	W	两边全程空（完全脚本驱动 / 需要触发条件）			低	21	—	—		对得上	0.0000	精灵图 多发射器(21) 抓屏扭曲	
Blast_Plasma_Helbrute	W	两边全程空（完全脚本驱动 / 需要触发条件）			低	33	—	—		对得上	0.0000	精灵图 多发射器(25) 抓屏扭曲	
Blast_Plasma_MegaBlasta	W	两边全程空（完全脚本驱动 / 需要触发条件）			低	27	—	—		对得上	0.0000	精灵图 多发射器(31) 抓屏扭曲	
Blast_Plasma_Sentinel	W	两边全程空（完全脚本驱动 / 需要触发条件）			低	45	—	—		对得上	0.0001	精灵图 多发射器(25) 抓屏扭曲	
Bolter Casing_Imperial	W	两边全程空（完全脚本驱动 / 需要触发条件）			低	35	—	—		只有导出有	0.0001	Mesh粒子 精灵图 1发射器 Matcap	
Bolter Casing_Orks	W	两边全程空（完全脚本驱动 / 需要触发条件）			低	10	—	—		对得上	0.0001	Mesh粒子 精灵图 1发射器 Matcap	
Bolter Casing_Traitor	W	两边全程空（完全脚本驱动 / 需要触发条件）			低	14	—	—		对得上	0.0001	Mesh粒子 精灵图 1发射器 Matcap	
Buff EC Stimulate passive	W	两边全程空（完全脚本驱动 / 需要触发条件）			低	49	—	—		对得上	0.0003	精灵图 2发射器 Sprite	
Buff_HideousMutation	W	两边全程空（完全脚本驱动 / 需要触发条件）			低	40	—	—		对得上	0.0000	Mesh粒子 精灵图 多发射器(13)	
Buff_SW_Rune_Lightning	W	两边全程空（完全脚本驱动 / 需要触发条件）			低	55	—	—		对得上	0.0004	精灵图 多发射器(9)	
BulletImpactBurst_Blood	W	两边全程空（完全脚本驱动 / 需要触发条件）			低	35	—	—		两边都空	0.0000	精灵图 4发射器	
BulletImpact_1hit_trail_ork	W	两边全程空（完全脚本驱动 / 需要触发条件）			低	48	—	—		偏亮	0.0001	精灵图 多发射器(18)	
BulletImpact_1shotSniper_trail	W	两边全程空（完全脚本驱动 / 需要触发条件）			低	7	—	—		两边都空	0.0000	Mesh粒子 精灵图 多发射器(21) Matcap/抓屏扭曲	
BulletImpact_1shot_random_EC	W	两边全程空（完全脚本驱动 / 需要触发条件）			低	30	—	—		两边都空	0.0000	Mesh粒子 精灵图 多发射器(14) Matcap/拖尾	
BulletImpact_1shot_random_chaos	W	两边全程空（完全脚本驱动 / 需要触发条件）			低	2	—	—		两边都空	0.0000	Mesh粒子 精灵图 多发射器(14) Matcap/拖尾	
BulletImpact_1shot_trail	W	两边全程空（完全脚本驱动 / 需要触发条件）			低	19	—	—		两边都空	0.0000	Mesh粒子 精灵图 多发射器(15) Matcap	
BulletImpact_1shot_trail_EC Daemon	W	两边全程空（完全脚本驱动 / 需要触发条件）			低	19	—	—		两边都空	0.0000	精灵图 多发射器(15)	
BulletImpact_2shot_Titus_AA	W	两边全程空（完全脚本驱动 / 需要触发条件）			低	51	—	—		两边都空	0.0001	Mesh粒子 精灵图 多发射器(19) Matcap	
BulletImpact_2shot_trail	W	两边全程空（完全脚本驱动 / 需要触发条件）			低	24	—	—		两边都空	0.0000	Mesh粒子 精灵图 多发射器(16) Matcap	
BulletImpact_2shot_trail_twinlink	W	两边全程空（完全脚本驱动 / 需要触发条件）			低	38	—	—		对得上	0.0000	Mesh粒子 精灵图 多发射器(32) Matcap	
BulletImpact_3shot_trail	W	两边全程空（完全脚本驱动 / 需要触发条件）			低	4	—	—		对得上	0.0001	Mesh粒子 精灵图 多发射器(16) Matcap	
BulletImpact_3shot_trail_ork	W	两边全程空（完全脚本驱动 / 需要触发条件）			低	15	—	—		只有导出有	0.0000	Mesh粒子 精灵图 多发射器(23) Matcap	
BulletImpact_4shot_trail	W	两边全程空（完全脚本驱动 / 需要触发条件）			低	58	—	—		偏亮	0.0001	Mesh粒子 精灵图 多发射器(16) Matcap	
BulletImpact_5shot_trail	W	两边全程空（完全脚本驱动 / 需要触发条件）			低	45	—	—		对得上	0.0001	Mesh粒子 精灵图 多发射器(16) Matcap	
BulletImpact_5shot_trail_ork	W	两边全程空（完全脚本驱动 / 需要触发条件）			低	44	—	—		对得上	0.0002	Mesh粒子 精灵图 多发射器(23) Matcap	
BulletImpact_5shot_trail_ork_low	W	两边全程空（完全脚本驱动 / 需要触发条件）			低	44	—	—		对得上	0.0002	Mesh粒子 精灵图 多发射器(23) Matcap	
BulletImpact_9shot_trail	W	两边全程空（完全脚本驱动 / 需要触发条件）			低	44	—	—		对得上	0.0003	Mesh粒子 精灵图 多发射器(20) Matcap	
BulletImpact_Abaddon_AA_StormBolter	W	两边全程空（完全脚本驱动 / 需要触发条件）			低	48	—	—		对得上	0.0001	Mesh粒子 精灵图 多发射器(48) Matcap	
BulletImpact_Bolter_Wide Area	W	两边全程空（完全脚本驱动 / 需要触发条件）			低	35	—	—		对得上	0.0002	Mesh粒子 精灵图 多发射器(16) Matcap	
BulletImpact_ChaosMissile	W	两边全程空（完全脚本驱动 / 需要触发条件）			低	50	—	—		两边都空	0.0000	Mesh粒子 精灵图 多发射器(26) Matcap/抓屏扭曲	
BulletImpact_Chaos_Melta	W	两边全程空（完全脚本驱动 / 需要触发条件）			低	10	—	—		两边都空	0.0000	精灵图 多发射器(16) 抓屏扭曲	
BulletImpact_ChemVial	W	两边全程空（完全脚本驱动 / 需要触发条件）			低	2	—	—		对得上	0.0002	Mesh粒子 精灵图 多发射器(12) Matcap	
BulletImpact_DA_MissileVolley_Ballistus	W	两边全程空（完全脚本驱动 / 需要触发条件）			低	0	—	—		两边都空	0.0000	Mesh粒子 精灵图 多发射器(19) Matcap/抓屏扭曲	
BulletImpact_DCannon	W	两边全程空（完全脚本驱动 / 需要触发条件）			低	56	—	—		对得上	0.0012	精灵图 多发射器(20)	
BulletImpact_DCannon_2	W	两边全程空（完全脚本驱动 / 需要触发条件）			低	36	—	—		对得上	0.0002	精灵图 多发射器(19)	
BulletImpact_DCannon_2_twinlink	W	两边全程空（完全脚本驱动 / 需要触发条件）			低	26	—	—		对得上	0.0002	精灵图 多发射器(38)	
BulletImpact_DesolationMissile	W	两边全程空（完全脚本驱动 / 需要触发条件）			低	49	—	—		两边都空	0.0000	Mesh粒子 精灵图 多发射器(23) Matcap	
BulletImpact_DynamiteBundle_Throw	W	两边全程空（完全脚本驱动 / 需要触发条件）			低	14	—	—		对得上	0.0002	Mesh粒子 精灵图 多发射器(14) Matcap	
BulletImpact_Eldar_Lasblaster	W	两边全程空（完全脚本驱动 / 需要触发条件）			低	16	—	—		两边都空	0.0000	精灵图 多发射器(16) 抓屏扭曲	
BulletImpact_FlamethrowerSororitas	W	两边全程空（完全脚本驱动 / 需要触发条件）			低	1	—	—		两边都空	0.0000	精灵图 多发射器(12)	
BulletImpact_FlamethrowerSororitas_twinlink	W	两边全程空（完全脚本驱动 / 需要触发条件）			低	2	—	—		两边都空	0.0000	精灵图 多发射器(24)	
BulletImpact_FusionGun	W	两边全程空（完全脚本驱动 / 需要触发条件）			低	30	—	—		对得上	0.0003	精灵图 多发射器(19)	
BulletImpact_Ghazghkull_AA	W	两边全程空（完全脚本驱动 / 需要触发条件）			低	52	—	—		对得上	0.0001	Mesh粒子 精灵图 多发射器(46) Matcap	
BulletImpact_Gordrang	W	两边全程空（完全脚本驱动 / 需要触发条件）			低	35	—	—		对得上	0.0001	Mesh粒子 精灵图 多发射器(21) Matcap	
BulletImpact_Kroot_KrootGun OLD	W	两边全程空（完全脚本驱动 / 需要触发条件）			低	45	—	—		只有导出有	0.0000	精灵图 多发射器(13)	
BulletImpact_Kroot_KrootPistol	W	两边全程空（完全脚本驱动 / 需要触发条件）			低	4	—	—		两边都空	0.0000	精灵图 多发射器(13)	
BulletImpact_Kroot_KrootRifle	W	两边全程空（完全脚本驱动 / 需要触发条件）			低	37	—	—		两边都空	0.0000	精灵图 多发射器(13)	
BulletImpact_Kroot_KrootScattergun	W	两边全程空（完全脚本驱动 / 需要触发条件）			低	53	—	—		只有原版有	0.0003	精灵图 多发射器(13)	
BulletImpact_Kroot_RepeaterCannon OLD	W	两边全程空（完全脚本驱动 / 需要触发条件）			低	41	—	—		对得上	0.0001	精灵图 多发射器(26)	
BulletImpact_Lascannon	W	两边全程空（完全脚本驱动 / 需要触发条件）			低	26	—	—		对得上	0.0007	精灵图 多发射器(19)	
BulletImpact_Lascannon_twinlink	W	两边全程空（完全脚本驱动 / 需要触发条件）			低	46	—	—		对得上	0.0012	精灵图 多发射器(38)	
BulletImpact_LongRifle_trail	W	两边全程空（完全脚本驱动 / 需要触发条件）			低	0	—	—		两边都空	0.0000	精灵图 多发射器(12) 抓屏扭曲	
BulletImpact_MissileToTarget	W	两边全程空（完全脚本驱动 / 需要触发条件）			低	51	—	—		对得上	0.0000	Mesh粒子 精灵图 多发射器(24) Matcap	
BulletImpact_MissileToTarget_Orks	W	两边全程空（完全脚本驱动 / 需要触发条件）			低	49	—	—		对得上	0.0000	Mesh粒子 精灵图 多发射器(24)	
BulletImpact_Morgrim	W	两边全程空（完全脚本驱动 / 需要触发条件）			低	35	—	—		对得上	0.0002	Mesh粒子 精灵图 多发射器(21) Matcap	
BulletImpact_Needle gun_1shot	W	两边全程空（完全脚本驱动 / 需要触发条件）			低	0	—	—		两边都空	0.0000	精灵图 多发射器(12)	
BulletImpact_Ork Missiles 1	W	两边全程空（完全脚本驱动 / 需要触发条件）			低	39	—	—		两边都空	0.0000	Mesh粒子 精灵图 多发射器(24)	
BulletImpact_Ork Missiles 2	W	两边全程空（完全脚本驱动 / 需要触发条件）			低	36	—	—		对得上	0.0001	Mesh粒子 精灵图 多发射器(21)	
BulletImpact_RiftCannon	W	两边全程空（完全脚本驱动 / 需要触发条件）			低	9	—	—		对得上	0.0000	精灵图 多发射器(16) 抓屏扭曲	
BulletImpact_SaboteurExplosive	W	两边全程空（完全脚本驱动 / 需要触发条件）			低	30	—	—		对得上	0.0000	精灵图 多发射器(16) Matcap/抓屏扭曲	
BulletImpact_Shuriken_Long	W	两边全程空（完全脚本驱动 / 需要触发条件）			低	27	—	—		只有原版有	0.0000	精灵图 多发射器(15)	
BulletImpact_Shuriken_Pistol	W	两边全程空（完全脚本驱动 / 需要触发条件）			低	2	—	—		两边都空	0.0000	精灵图 多发射器(13)	
BulletImpact_Shuriken_Short	W	两边全程空（完全脚本驱动 / 需要触发条件）			低	18	—	—		两边都空	0.0000	精灵图 多发射器(13)	
BulletImpact_Shuriken_Short_twinlink	W	两边全程空（完全脚本驱动 / 需要触发条件）			低	36	—	—		两边都空	0.0000	精灵图 多发射器(26)	
BulletImpact_Sororitas_Melta	W	两边全程空（完全脚本驱动 / 需要触发条件）			低	27	—	—		只有原版有	0.0002	精灵图 多发射器(17) 抓屏扭曲	
BulletImpact_Sororitas_MissileVolley	W	两边全程空（完全脚本驱动 / 需要触发条件）			低	0	—	—		两边都空	0.0000	Mesh粒子 精灵图 多发射器(22) Matcap/抓屏扭曲/拖尾	
BulletImpact_Sororitas_MissileVolley_MoveAnim	W	两边全程空（完全脚本驱动 / 需要触发条件）			低	0	—	—		两边都空	0.0000	Mesh粒子 精灵图 多发射器(38) Matcap/抓屏扭曲/拖尾	
BulletImpact_Sororitas_MissileVolley_board_down	W	两边全程空（完全脚本驱动 / 需要触发条件）			低	0	—	—		两边都空	0.0000	Mesh粒子 精灵图 多发射器(16) Matcap/抓屏扭曲/拖尾	
BulletImpact_Sororitas_MissileVolley_board_up	W	两边全程空（完全脚本驱动 / 需要触发条件）			低	0	—	—		两边都空	0.0000	Mesh粒子 精灵图 多发射器(22) Matcap/抓屏扭曲/拖尾	
BulletImpact_Sororitas_MultiMelta	W	两边全程空（完全脚本驱动 / 需要触发条件）			低	28	—	—		只有原版有	0.0002	精灵图 多发射器(27) 抓屏扭曲	
BulletImpact_Sororitas_MultiMelta_Junith	W	两边全程空（完全脚本驱动 / 需要触发条件）			低	36	—	—		偏暗	0.0003	精灵图 多发射器(54) 抓屏扭曲	
BulletImpact_Sororitas_SaintCelestine	W	两边全程空（完全脚本驱动 / 需要触发条件）			低	14	—	—		只有原版有	0.0001	精灵图 多发射器(18) 抓屏扭曲	
BulletImpact_Tau_Burst Cannon	W	两边全程空（完全脚本驱动 / 需要触发条件）			低	27	—	—		两边都空	0.0000	Mesh粒子 精灵图 多发射器(20)	
BulletImpact_Tau_Burst Cannon_short	W	两边全程空（完全脚本驱动 / 需要触发条件）			低	27	—	—		两边都空	0.0000	Mesh粒子 精灵图 多发射器(20)	
BulletImpact_Tau_FusionBlaster	W	两边全程空（完全脚本驱动 / 需要触发条件）			低	17	—	—		两边都空	0.0000	Mesh粒子 精灵图 多发射器(20)	
BulletImpact_Tau_FusionBlaster Dual	W	两边全程空（完全脚本驱动 / 需要触发条件）			低	5	—	—		两边都空	0.0000	Mesh粒子 精灵图 多发射器(40)	
BulletImpact_Tau_GravPulse	W	两边全程空（完全脚本驱动 / 需要触发条件）			低	32	—	—		两边都空	0.0000	精灵图 多发射器(10) 抓屏扭曲	
BulletImpact_Tau_IonAccelerator	W	两边全程空（完全脚本驱动 / 需要触发条件）			低	19	—	—		对得上	0.0000	精灵图 多发射器(48)	
BulletImpact_Tau_Pulse Blaster	W	两边全程空（完全脚本驱动 / 需要触发条件）			低	21	—	—		两边都空	0.0000	Mesh粒子 精灵图 多发射器(17)	
BulletImpact_Tau_Pulse Carbine	W	两边全程空（完全脚本驱动 / 需要触发条件）			低	15	—	—		两边都空	0.0000	Mesh粒子 精灵图 多发射器(14)	
BulletImpact_Tau_Pulse Carbine Dual	W	两边全程空（完全脚本驱动 / 需要触发条件）			低	26	—	—		两边都空	0.0000	Mesh粒子 精灵图 多发射器(28)	
BulletImpact_Tau_Pulse Carbine Dual OLD	W	两边全程空（完全脚本驱动 / 需要触发条件）			低	44	—	—		两边都空	0.0000	Mesh粒子 精灵图 多发射器(24)	
BulletImpact_Tau_Pulse Carbine OLD	W	两边全程空（完全脚本驱动 / 需要触发条件）			低	43	—	—		两边都空	0.0000	Mesh粒子 精灵图 多发射器(12)	
BulletImpact_Tau_Pulse Drone Dual	W	两边全程空（完全脚本驱动 / 需要触发条件）			低	14	—	—		两边都空	0.0000	Mesh粒子 精灵图 多发射器(24)	
BulletImpact_Tau_Pulse Pistol	W	两边全程空（完全脚本驱动 / 需要触发条件）			低	2	—	—		两边都空	0.0000	Mesh粒子 精灵图 多发射器(14)	
BulletImpact_Tau_Pulse Rifle	W	两边全程空（完全脚本驱动 / 需要触发条件）			低	10	—	—		两边都空	0.0000	Mesh粒子 精灵图 多发射器(14)	
BulletImpact_Tau_Pulse Rifle Dual	W	两边全程空（完全脚本驱动 / 需要触发条件）			低	15	—	—		两边都空	0.0000	Mesh粒子 精灵图 多发射器(28)	
BulletImpact_Tau_PulseARCcannon	W	两边全程空（完全脚本驱动 / 需要触发条件）			低	31	—	—		偏暗	0.0003	精灵图 多发射器(23) 抓屏扭曲	
BulletImpact_Tau_Rail Rifle	W	两边全程空（完全脚本驱动 / 需要触发条件）			低	29	—	—		两边都空	0.0000	精灵图 多发射器(17) 抓屏扭曲	
BulletImpact_Tau_Sniper Pulse Rifle	W	两边全程空（完全脚本驱动 / 需要触发条件）			低	1	—	—		两边都空	0.0000	Mesh粒子 精灵图 多发射器(22) 抓屏扭曲	
BulletImpact_Tyranid_Stranglethorn	W	两边全程空（完全脚本驱动 / 需要触发条件）			低	3	—	—		两边都空	0.0000	Mesh粒子 精灵图 多发射器(14) 拖尾	
BulletImpact_artillery_1shot	W	两边全程空（完全脚本驱动 / 需要触发条件）			低	29	—	—		偏亮	0.0019	Mesh粒子 精灵图 多发射器(24) Matcap/抓屏扭曲	
BulletImpact_artillery_big	W	两边全程空（完全脚本驱动 / 需要触发条件）			低	30	—	—		偏亮	0.0019	Mesh粒子 精灵图 多发射器(21) Matcap/抓屏扭曲	
BulletImpact_artillery_manticore	W	两边全程空（完全脚本驱动 / 需要触发条件）			低	52	—	—		偏亮	0.0011	Mesh粒子 精灵图 多发射器(72) Matcap/抓屏扭曲	
BulletImpact_autocannon_Firestrike	W	两边全程空（完全脚本驱动 / 需要触发条件）			低	19	—	—		偏亮	0.0001	精灵图 多发射器(26)	
BulletImpact_autocannon_Hydra	W	两边全程空（完全脚本驱动 / 需要触发条件）			低	54	—	—		对得上	0.0022	精灵图 多发射器(56)	
BulletImpact_autocannon_rapid	W	两边全程空（完全脚本驱动 / 需要触发条件）			低	55	—	—		对得上	0.0001	精灵图 多发射器(15)	
BulletImpact_autogun_1shot	W	两边全程空（完全脚本驱动 / 需要触发条件）			低	1	—	—		两边都空	0.0000	Mesh粒子 精灵图 多发射器(14) Matcap	
BulletImpact_autogun_1shotSniper	W	两边全程空（完全脚本驱动 / 需要触发条件）			低	6	—	—		两边都空	0.0000	Mesh粒子 精灵图 多发射器(22) Matcap/抓屏扭曲	
BulletImpact_autogun_2shot	W	两边全程空（完全脚本驱动 / 需要触发条件）			低	11	—	—		两边都空	0.0000	Mesh粒子 精灵图 多发射器(14) Matcap	
BulletImpact_autogun_3shot	W	两边全程空（完全脚本驱动 / 需要触发条件）			低	13	—	—		两边都空	0.0000	Mesh粒子 精灵图 多发射器(14) Matcap	
BulletImpact_autogun_4shot	W	两边全程空（完全脚本驱动 / 需要触发条件）			低	12	—	—		只有原版有	0.0000	Mesh粒子 精灵图 多发射器(14) Matcap	
BulletImpact_autogun_6shot	W	两边全程空（完全脚本驱动 / 需要触发条件）			低	31	—	—		对得上	0.0000	Mesh粒子 精灵图 多发射器(14) Matcap	
BulletImpact_autogun_6shot_twinlink	W	两边全程空（完全脚本驱动 / 需要触发条件）			低	28	—	—		对得上	0.0000	Mesh粒子 精灵图 多发射器(28) Matcap	
BulletImpact_autogun_8shot	W	两边全程空（完全脚本驱动 / 需要触发条件）			低	35	—	—		偏亮	0.0000	Mesh粒子 精灵图 多发射器(14) Matcap	
BulletImpact_autogun_Automatic	W	两边全程空（完全脚本驱动 / 需要触发条件）			低	33	—	—		偏亮	0.0001	Mesh粒子 精灵图 多发射器(14) Matcap	
BulletImpact_autogun_liberator_1shot	W	两边全程空（完全脚本驱动 / 需要触发条件）			低	6	—	—		两边都空	0.0000	Mesh粒子 精灵图 多发射器(19) Matcap/抓屏扭曲	
BulletImpact_autogun_liberator_repeat	W	两边全程空（完全脚本驱动 / 需要触发条件）			低	35	—	—		对得上	0.0000	Mesh粒子 精灵图 多发射器(38) Matcap/抓屏扭曲	
BulletImpact_deathspinner_arc	W	两边全程空（完全脚本驱动 / 需要触发条件）			低	48	—	—		只有导出有	0.0004	精灵图 多发射器(27) 拖尾	
BulletImpact_gatling_1s_invader	W	两边全程空（完全脚本驱动 / 需要触发条件）			低	38	—	—		对得上	0.0001	Mesh粒子 精灵图 多发射器(14) Matcap	
BulletImpact_noisemarine	W	两边全程空（完全脚本驱动 / 需要触发条件）			低	25	—	—		两边都空	0.0000	精灵图 多发射器(15) 抓屏扭曲	
BulletImpact_stormbolter_4shots	W	两边全程空（完全脚本驱动 / 需要触发条件）			低	54	—	—		对得上	0.0000	Mesh粒子 精灵图 多发射器(32) Matcap	
BulletImpact_stormbolter_4shots_Logan_AA	W	两边全程空（完全脚本驱动 / 需要触发条件）			低	31	—	—		对得上	0.0001	Mesh粒子 精灵图 多发射器(32) Matcap	
BulletImpact_stormbolter_6shots	W	两边全程空（完全脚本驱动 / 需要触发条件）			低	54	—	—		对得上	0.0001	Mesh粒子 精灵图 多发射器(32) Matcap	
BulletImpact_tank_baneblade	W	两边全程空（完全脚本驱动 / 需要触发条件）			低	49	—	—		两边都空	0.0000	Mesh粒子 精灵图 多发射器(22) Matcap/抓屏扭曲	
BulletImpact_tank_big	W	两边全程空（完全脚本驱动 / 需要触发条件）			低	49	—	—		两边都空	0.0000	Mesh粒子 精灵图 多发射器(16) Matcap/抓屏扭曲	
BulletImpact_tank_huge	W	两边全程空（完全脚本驱动 / 需要触发条件）			低	50	—	—		两边都空	0.0000	Mesh粒子 精灵图 多发射器(17) Matcap/抓屏扭曲	
BulletImpact_tank_small	W	两边全程空（完全脚本驱动 / 需要触发条件）			低	17	—	—		两边都空	0.0000	Mesh粒子 精灵图 多发射器(12) Matcap/抓屏扭曲	
BulletTrail	W	两边全程空（完全脚本驱动 / 需要触发条件）			低	26	—	—		对得上	0.0002	Mesh粒子 精灵图 多发射器(41)	
BulletTrail_Stormraven	W	两边全程空（完全脚本驱动 / 需要触发条件）			低	0	—	—		两边都空	0.0000	Mesh粒子 精灵图 多发射器(10) Matcap	
BulletTrail_Stormraven_Single	W	两边全程空（完全脚本驱动 / 需要触发条件）			低	0	—	—		两边都空	0.0000	Mesh粒子 精灵图 多发射器(10) Matcap	
CardDisappear	W	两边全程空（完全脚本驱动 / 需要触发条件）			低	0	—	—		两边都空	0.0000	精灵图 6发射器	
CrueltyEffect	W	两边全程空（完全脚本驱动 / 需要触发条件）			低	44	—	—		两边都空	0.0000	精灵图 7发射器 Sprite	
EC Heldrake Attack	W	两边全程空（完全脚本驱动 / 需要触发条件）			低	18	—	—		偏亮	0.0003	Mesh粒子 精灵图 多发射器(8) Matcap/UI/文字	
EC Heldrake Rally	W	两边全程空（完全脚本驱动 / 需要触发条件）			低	16	—	—		对得上	0.0000	Mesh粒子 精灵图 多发射器(10) Matcap/UI/文字	
Emperors Children Summon	W	两边全程空（完全脚本驱动 / 需要触发条件）			低	41	—	—		两边都空	0.0000	精灵图 多发射器(17) 抓屏扭曲	
Explosion_BombQuick	W	两边全程空（完全脚本驱动 / 需要触发条件）			低	0	—	—		两边都空	0.0000	精灵图 多发射器(9) 抓屏扭曲	
Explosion_BombQuick_triple	W	两边全程空（完全脚本驱动 / 需要触发条件）			低	0	—	—		两边都空	0.0000	精灵图 多发射器(9) 抓屏扭曲	
Explosion_ConcealedExplosives	W	两边全程空（完全脚本驱动 / 需要触发条件）			低	0	—	—		两边都空	0.0000	精灵图 多发射器(55)	
Explosion_GroundBreak	W	两边全程空（完全脚本驱动 / 需要触发条件）			低	16	—	—		两边都空	0.0000	Mesh粒子 精灵图 多发射器(11) Matcap/抓屏扭曲	
Fire_Board	W	两边全程空（完全脚本驱动 / 需要触发条件）			低	40	—	—		对得上	0.0004	精灵图 4发射器	
FlamethrowerBurna	W	两边全程空（完全脚本驱动 / 需要触发条件）			低	55	—	—		对得上	0.0000	精灵图 7发射器 Sprite	
FlamethrowerSingleAttack_1	W	两边全程空（完全脚本驱动 / 需要触发条件）			低	52	—	—		对得上	0.0001	精灵图 5发射器 Sprite	
FlamethrowerSingleAttack_2	W	两边全程空（完全脚本驱动 / 需要触发条件）			低	37	—	—		对得上	0.0000	精灵图 7发射器 Sprite	
GSC Rockfall	W	两边全程空（完全脚本驱动 / 需要触发条件）			低	0	—	—		两边都空	0.0000	Mesh粒子 精灵图 多发射器(18) Matcap	
GatlingSweep	W	两边全程空（完全脚本驱动 / 需要触发条件）			低	24	—	—		偏亮	0.0004	Mesh粒子 精灵图 多发射器(14) Matcap	
Godspear Warhead Full	W	两边全程空（完全脚本驱动 / 需要触发条件）			低	24	—	—		两边都空	0.0000	Mesh粒子 精灵图 多发射器(44) Matcap/抓屏扭曲	
GuardSummon	W	两边全程空（完全脚本驱动 / 需要触发条件）			低	0	—	—		两边都空	0.0000	精灵图 2发射器	
HeldrakeStrike	W	两边全程空（完全脚本驱动 / 需要触发条件）			低	13	—	—		两边都空	0.0000	Mesh粒子 精灵图 多发射器(9) Matcap	
Hexmark_Artifice_Deal1	W	两边全程空（完全脚本驱动 / 需要触发条件）			低	2	—	—		两边都空	0.0000	精灵图 多发射器(9)	
HuntMark_StackEffect	W	两边全程空（完全脚本驱动 / 需要触发条件）			低	59	—	—		两边都空	0.0000	精灵图 多发射器(12) Sprite	
Hunta Rig Harpoon Hand	W	两边全程空（完全脚本驱动 / 需要触发条件）			低	6	—	—		两边都空	0.0000	Mesh粒子 精灵图 多发射器(11) Matcap/Sprite	
Invoke Minion Card Fade Default	W	两边全程空（完全脚本驱动 / 需要触发条件）			低	0	—	—		两边都空	0.0000	精灵图 4发射器	
Laser_Red	W	两边全程空（完全脚本驱动 / 需要触发条件）			低	3	—	—		两边都空	0.0000	精灵图 多发射器(10)	
Lasrifle Offscreen Target	W	两边全程空（完全脚本驱动 / 需要触发条件）			低	0	—	—		两边都空	0.0000	精灵图 7发射器 抓屏扭曲	
Lasrifle_3shots	W	两边全程空（完全脚本驱动 / 需要触发条件）			低	2	—	—		两边都空	0.0000	精灵图 多发射器(14) 抓屏扭曲	
Lasrifle_Hotshot_2shots	W	两边全程空（完全脚本驱动 / 需要触发条件）			低	8	—	—		只有原版有	0.0093	精灵图 多发射器(17) 抓屏扭曲	
Lasrifle_Hotshot_3shots	W	两边全程空（完全脚本驱动 / 需要触发条件）			低	8	—	—		只有原版有	0.0001	精灵图 多发射器(17) 抓屏扭曲	
Lasrifle_Hotshot_auto_burst	W	两边全程空（完全脚本驱动 / 需要触发条件）			低	6	—	—		只有原版有	0.0000	精灵图 多发射器(17) 抓屏扭曲	
Lasrifle_Hotshot_basic	W	两边全程空（完全脚本驱动 / 需要触发条件）			低	4	—	—		两边都空	0.0000	精灵图 多发射器(17) 抓屏扭曲	
Lasrifle_Hotshot_pistol	W	两边全程空（完全脚本驱动 / 需要触发条件）			低	3	—	—		两边都空	0.0000	精灵图 多发射器(17) 抓屏扭曲	
Lasrifle_auto	W	两边全程空（完全脚本驱动 / 需要触发条件）			低	4	—	—		两边都空	0.0000	精灵图 多发射器(16) 抓屏扭曲	
Lasrifle_auto OLD	W	两边全程空（完全脚本驱动 / 需要触发条件）			低	2	—	—		两边都空	0.0000	精灵图 多发射器(14) 抓屏扭曲	
Lasrifle_basic	W	两边全程空（完全脚本驱动 / 需要触发条件）			低	3	—	—		两边都空	0.0000	精灵图 多发射器(16) 抓屏扭曲	
Lasrifle_basic OLD	W	两边全程空（完全脚本驱动 / 需要触发条件）			低	2	—	—		两边都空	0.0000	精灵图 多发射器(14) 抓屏扭曲	
Lasrifle_hellpistol	W	两边全程空（完全脚本驱动 / 需要触发条件）			低	2	—	—		两边都空	0.0000	精灵图 多发射器(14) 抓屏扭曲	
Lasrifle_laspistol	W	两边全程空（完全脚本驱动 / 需要触发条件）			低	3	—	—		只有原版有	0.0001	精灵图 多发射器(16) 抓屏扭曲	
Lasrifle_laspistol OLD	W	两边全程空（完全脚本驱动 / 需要触发条件）			低	2	—	—		两边都空	0.0000	精灵图 多发射器(14) 抓屏扭曲	
Lasrifle_laspistol_Ursula_AA	W	两边全程空（完全脚本驱动 / 需要触发条件）			低	6	—	—		两边都空	0.0000	精灵图 多发射器(16)	
Lasrifle_laspistol_quick	W	两边全程空（完全脚本驱动 / 需要触发条件）			低	4	—	—		只有原版有	0.0001	精灵图 多发射器(16) 抓屏扭曲	
Lasrifle_offscreen	W	两边全程空（完全脚本驱动 / 需要触发条件）			低	5	—	—		两边都空	0.0000	精灵图 多发射器(12) 抓屏扭曲	
Lasrifle_offscreen_1x	W	两边全程空（完全脚本驱动 / 需要触发条件）			低	7	—	—		两边都空	0.0000	精灵图 6发射器 抓屏扭曲	
Lasrifle_offscreen_5x	W	两边全程空（完全脚本驱动 / 需要触发条件）			低	5	—	—		两边都空	0.0000	精灵图 6发射器 抓屏扭曲	
MarkOfKhorne_enchantment	W	两边全程空（完全脚本驱动 / 需要触发条件）			低	7	—	—		偏暗	0.0000	精灵图 4发射器	
MegaBlasta_Small	W	两边全程空（完全脚本驱动 / 需要触发条件）			低	13	—	—		两边都空	0.0000	精灵图 多发射器(23) 抓屏扭曲	
Meteor Angled	W	两边全程空（完全脚本驱动 / 需要触发条件）			低	0	—	—		两边都空	0.0000	精灵图 5发射器	
Mining_Laser	W	两边全程空（完全脚本驱动 / 需要触发条件）			低	9	—	—		两边都空	0.0000	精灵图 多发射器(12)	
NecronGauss	W	两边全程空（完全脚本驱动 / 需要触发条件）			低	3	—	—		两边都空	0.0000	精灵图 多发射器(12)	
NecronGauss_Damaged Hexmark	W	两边全程空（完全脚本驱动 / 需要触发条件）			低	10	—	—		对得上	0.0000	精灵图 多发射器(42)	
NecronGauss_Deathmark	W	两边全程空（完全脚本驱动 / 需要触发条件）			低	0	—	—		两边都空	0.0000	精灵图 多发射器(15)	
NecronGauss_Double	W	两边全程空（完全脚本驱动 / 需要触发条件）			低	8	—	—		两边都空	0.0000	精灵图 多发射器(24)	
NecronGauss_Hexmark	W	两边全程空（完全脚本驱动 / 需要触发条件）			低	10	—	—		对得上	0.0000	精灵图 多发射器(50)	
NecronGauss_Imotekh_AA	W	两边全程空（完全脚本驱动 / 需要触发条件）			低	7	—	—		两边都空	0.0000	精灵图 多发射器(18)	
NecronGauss_Large	W	两边全程空（完全脚本驱动 / 需要触发条件）			低	4	—	—		两边都空	0.0000	精灵图 多发射器(12)	
NecronGauss_Tesla	W	两边全程空（完全脚本驱动 / 需要触发条件）			低	3	—	—		两边都空	0.0000	精灵图 多发射器(14)	
NecronGauss_Tesla_Annihilation Barge	W	两边全程空（完全脚本驱动 / 需要触发条件）			低	6	—	—		两边都空	0.0000	精灵图 多发射器(28) 抓屏扭曲	
NecronGauss_Trilinked	W	两边全程空（完全脚本驱动 / 需要触发条件）			低	6	—	—		两边都空	0.0000	精灵图 多发射器(32)	
NecronGauss_Twinlinked	W	两边全程空（完全脚本驱动 / 需要触发条件）			低	5	—	—		两边都空	0.0000	精灵图 多发射器(22)	
NephilimShadow_Flyover	W	两边全程空（完全脚本驱动 / 需要触发条件）			低	0	—	—		两边都空	0.0000	精灵图 1发射器	
NoMukkinAboutEffect	W	两边全程空（完全脚本驱动 / 需要触发条件）			低	5	—	—		两边都空	0.0000	Mesh粒子 精灵图 多发射器(14) Matcap/抓屏扭曲	
Orbital 3 repeat	W	两边全程空（完全脚本驱动 / 需要触发条件）			低	0	—	—		两边都空	0.0000	精灵图 多发射器(8) 拖尾	
Orbital 4 repeat	W	两边全程空（完全脚本驱动 / 需要触发条件）			低	0	—	—		两边都空	0.0000	精灵图 多发射器(8) 拖尾	
Orbital Bombardment Enemy Warlord	W	两边全程空（完全脚本驱动 / 需要触发条件）			低	12	—	—		对得上	0.0000	Mesh粒子 精灵图 多发射器(25) Matcap/抓屏扭曲/拖尾	
Orbital Bombardment Target	W	两边全程空（完全脚本驱动 / 需要触发条件）			低	12	—	—		对得上	0.0000	Mesh粒子 精灵图 多发射器(25) Matcap/抓屏扭曲/拖尾	
Ork_Rocket	W	两边全程空（完全脚本驱动 / 需要触发条件）			低	1	—	—		两边都空	0.0000	Mesh粒子 精灵图 6发射器	
Ork_RocketDown	W	两边全程空（完全脚本驱动 / 需要触发条件）			低	8	—	—		两边都空	0.0000	Mesh粒子 精灵图 多发射器(14)	
Ork_RocketUp	W	两边全程空（完全脚本驱动 / 需要触发条件）			低	1	—	—		两边都空	0.0000	Mesh粒子 精灵图 多发射器(8)	
Ork_Squiggoth_Charge	W	两边全程空（完全脚本驱动 / 需要触发条件）			低	0	—	—		两边都空	0.0000	Mesh粒子 精灵图 多发射器(12) Matcap	
Ork_StormboyzStrike	W	两边全程空（完全脚本驱动 / 需要触发条件）			低	0	—	—		两边都空	0.0000	Mesh粒子 精灵图 多发射器(18) 抓屏扭曲	
Ork_Trampla_Charge	W	两边全程空（完全脚本驱动 / 需要触发条件）			低	0	—	—		两边都空	0.0000	Mesh粒子 精灵图 多发射器(12) Matcap	
Orks Environmental Condition Night	W	两边全程空（完全脚本驱动 / 需要触发条件）			低	58	—	—					
Pack_WhileInPlay	W	两边全程空（完全脚本驱动 / 需要触发条件）			低	4	—	—		两边都空	0.0001	精灵图 6发射器	
PathOfCommand_buff	W	两边全程空（完全脚本驱动 / 需要触发条件）			低	58	—	—		对得上	0.0004	Mesh粒子 精灵图 6发射器	
Plasma_basic OLD	W	两边全程空（完全脚本驱动 / 需要触发条件）			低	28	—	—		两边都空	0.0000	精灵图 多发射器(15) 抓屏扭曲	
Plasma_basic_blue	W	两边全程空（完全脚本驱动 / 需要触发条件）			低	23	—	—		两边都空	0.0000	精灵图 多发射器(20) 抓屏扭曲	
Plasma_basic_blue_double	W	两边全程空（完全脚本驱动 / 需要触发条件）			低	29	—	—		只有原版有	0.0014	精灵图 多发射器(21) 抓屏扭曲	
Plasma_basic_blue_triple	W	两边全程空（完全脚本驱动 / 需要触发条件）			低	29	—	—		只有原版有	0.0003	精灵图 多发射器(21) 抓屏扭曲	
Plasma_basic_blue_twinlink	W	两边全程空（完全脚本驱动 / 需要触发条件）			低	41	—	—		两边都空	0.0000	精灵图 多发射器(39) 抓屏扭曲	
Plasma_basic_burst_turqoise	W	两边全程空（完全脚本驱动 / 需要触发条件）			低	50	—	—		对得上	0.0001	精灵图 多发射器(19) 抓屏扭曲	
Plasma_basic_pink	W	两边全程空（完全脚本驱动 / 需要触发条件）			低	22	—	—		两边都空	0.0000	精灵图 多发射器(18) 抓屏扭曲	
Plasma_basic_pink OLD	W	两边全程空（完全脚本驱动 / 需要触发条件）			低	28	—	—		两边都空	0.0000	精灵图 多发射器(15) 抓屏扭曲	
Plasma_basic_red	W	两边全程空（完全脚本驱动 / 需要触发条件）			低	22	—	—		两边都空	0.0000	精灵图 多发射器(18) 抓屏扭曲	
Plasma_basic_turqoise	W	两边全程空（完全脚本驱动 / 需要触发条件）			低	23	—	—		两边都空	0.0000	精灵图 多发射器(19) 抓屏扭曲	
Plasma_basic_yellow	W	两边全程空（完全脚本驱动 / 需要触发条件）			低	27	—	—		两边都空	0.0000	精灵图 多发射器(18) 抓屏扭曲	
Plasma_triple_Azrael_AA	W	两边全程空（完全脚本驱动 / 需要触发条件）			低	19	—	—		偏亮	0.0001	精灵图 多发射器(20)	
Psychic_Lightning_Waaagh	W	两边全程空（完全脚本驱动 / 需要触发条件）			低	0	—	—		两边都空	0.0000	精灵图 多发射器(19)	
Psychic_Lightning_Waaagh_Board	W	两边全程空（完全脚本驱动 / 需要触发条件）			低	0	—	—		两边都空	0.0000	精灵图 多发射器(12)	
Psychic_Lightning_chaos	W	两边全程空（完全脚本驱动 / 需要触发条件）			低	11	—	—		两边都空	0.0000	精灵图 多发射器(8)	
Railgun turret	W	两边全程空（完全脚本驱动 / 需要触发条件）			低	0	—	—		两边都空	0.0000	精灵图 多发射器(18) 抓屏扭曲	
RiftCannon_Laser	W	两边全程空（完全脚本驱动 / 需要触发条件）			低	26	—	—		两边都空	0.0000	精灵图 多发射器(15) 抓屏扭曲	
Rockfall	W	两边全程空（完全脚本驱动 / 需要触发条件）			低	0	—	—		两边都空	0.0000	Mesh粒子 精灵图 多发射器(9) Matcap	
Sau_Dimensional_Breach_Battleground	W	两边全程空（完全脚本驱动 / 需要触发条件）			低	24	—	—		只有导出有	0.0011	精灵图 多发射器(8) 拖尾	
ScytheAssaultShadow	W	两边全程空（完全脚本驱动 / 需要触发条件）			低	0	—	—		两边都空	0.0000	精灵图 1发射器	
SkorchaAttackEffect	W	两边全程空（完全脚本驱动 / 需要触发条件）			低	18	—	—		对得上	0.0001	精灵图 多发射器(13)	
SniperPreEffect	W	两边全程空（完全脚本驱动 / 需要触发条件）			低	11	—	—		两边都空	0.0000	精灵图 5发射器	
Space Wolves Summon OLD	W	两边全程空（完全脚本驱动 / 需要触发条件）			低	6	—	—		两边都空	0.0001	Mesh粒子 精灵图 多发射器(14) Matcap	
Spore Explosion	W	两边全程空（完全脚本驱动 / 需要触发条件）			低	0	—	—		两边都空	0.0000	精灵图 多发射器(8) 抓屏扭曲	
Squig_BigChompaJaws	W	两边全程空（完全脚本驱动 / 需要触发条件）			低	15	—	—		两边都空	0.0000	Mesh粒子 精灵图 多发射器(10) Matcap	
Sword_Slash_EC	W	两边全程空（完全脚本驱动 / 需要触发条件）			低	21	—	—		两边都空	0.0000	Mesh粒子 精灵图 多发射器(12) 抓屏扭曲	
Sword_Slash_EC 3x	W	两边全程空（完全脚本驱动 / 需要触发条件）			低	8	—	—		两边都空	0.0000	Mesh粒子 精灵图 多发射器(12) 抓屏扭曲	
Sword_Slash_User_DA	W	两边全程空（完全脚本驱动 / 需要触发条件）			低	22	—	—		两边都空	0.0000	Mesh粒子 精灵图 5发射器 抓屏扭曲	
Sword_Slash_User_DA No Tween	W	两边全程空（完全脚本驱动 / 需要触发条件）			低	22	—	—		两边都空	0.0000	Mesh粒子 精灵图 5发射器 抓屏扭曲	
Tap Hit Metal	W	两边全程空（完全脚本驱动 / 需要触发条件）			低	15	—	—		两边都空	0.0000	精灵图 2发射器	
Tap Hit Metal Small	W	两边全程空（完全脚本驱动 / 需要触发条件）			低	21	—	—		两边都空	0.0000	精灵图 2发射器	
Tap Monolith Left Glow	W	两边全程空（完全脚本驱动 / 需要触发条件）			低	3	—	—		两边都空	0.0000	精灵图 2发射器 Sprite	
Tap Monolith Right Glow	W	两边全程空（完全脚本驱动 / 需要触发条件）			低	3	—	—		两边都空	0.0000	精灵图 2发射器 Sprite	
Tap Toxic Sludge	W	两边全程空（完全脚本驱动 / 需要触发条件）			低	34	—	—		偏暗	0.0001	精灵图 4发射器 Matcap/抓屏扭曲	
Tau_AerialBombardment	W	两边全程空（完全脚本驱动 / 需要触发条件）			低	3	—	—		两边都空	0.0000	Mesh粒子 精灵图 多发射器(20) Matcap/抓屏扭曲	
Tau_RailBombardment UNUSED	W	两边全程空（完全脚本驱动 / 需要触发条件）			低	13	—	—		两边都空	0.0000	Mesh粒子 精灵图 多发射器(78) Matcap/抓屏扭曲	
Tau_Vespid_laser	W	两边全程空（完全脚本驱动 / 需要触发条件）			低	9	—	—		两边都空	0.0000	精灵图 多发射器(8) UI/文字	
Thunderhawk Flyover	W	两边全程空（完全脚本驱动 / 需要触发条件）			低	0	—	—		两边都空	0.0000	精灵图 3发射器	
UM_StormravenShadow	W	两边全程空（完全脚本驱动 / 需要触发条件）			低	0	—	—		两边都空	0.0000	Mesh粒子 精灵图 多发射器(8) Matcap	
UM_StormravenShadow_Perpendicular	W	两边全程空（完全脚本驱动 / 需要触发条件）			低	0	—	—		两边都空	0.0000	Mesh粒子 精灵图 多发射器(8) Matcap	
Valkyrie Flyover Hover Dust	W	两边全程空（完全脚本驱动 / 需要触发条件）			低	0	—	—		两边都空	0.0000	精灵图 3发射器	
Valkyrie_MultiLaser_Hover	W	两边全程空（完全脚本驱动 / 需要触发条件）			低	21	—	—		对得上	0.0002	精灵图 6发射器 抓屏扭曲	
WaystoneCollect	W	两边全程空（完全脚本驱动 / 需要触发条件）			低	0	—	—		两边都空	0.0000	精灵图 5发射器	
Whip Attack EC Lucius	W	两边全程空（完全脚本驱动 / 需要触发条件）			低	18	—	—		两边都空	0.0000	精灵图 多发射器(11) Matcap	
Whip Attack EC Maulerfiend	W	两边全程空（完全脚本驱动 / 需要触发条件）			低	39	—	—		偏暗	0.0001	精灵图 多发射器(48) Matcap	
Whip Attack EC Normal	W	两边全程空（完全脚本驱动 / 需要触发条件）			低	0	—	—		两边都空	0.0000	精灵图 多发射器(8) Matcap	
AlphaWarriorEffect	Z	对得上	1.01	0.006	高	955	0.15–1.00s	0.15–1.00s		对得上	0.0002	Mesh粒子 精灵图 多发射器(14) Matcap/Sprite	
AmbushEffect	Z	对得上	0.89	0.121	高	654	0.15–1.50s	0.15–1.50s		对得上	0.0009	精灵图 多发射器(10)	
Antimatter Explosion	Z	对得上	1.19	0.170	高	2250	0.30–2.00s	0.30–2.00s		对得上	0.0039	精灵图 多发射器(10)	
ArdAsNailsEffect	Z	对得上	1.04	0.036	高	861	0.15–1.50s	0.15–1.50s		对得上	0.0024	Mesh粒子 精灵图 7发射器 Sprite	
ArmourEffect	Z	对得上	0.95	0.052	高	618	0.15–1.00s	0.15–1.00s		两边都空	0.0000	精灵图 多发射器(12)	
ArmourEffect_Bladeguard_Shield	Z	对得上	1.00	0.000	高	620	0.15–2.00s	0.15–2.00s		对得上	0.0014	Mesh粒子 精灵图 多发射器(16)	
ArmourEffect_Nurgle	Z	对得上	1.00	0.004	高	738	0.15–1.00s	0.15–1.00s		对得上	0.0002	精灵图 多发射器(20)	
ArtificeEffect	Z	对得上	1.02	0.022	高	2817	0.15–1.00s	0.15–1.00s		只有原版有	0.0050	精灵图 多发射器(8) Sprite	
Artillery Manticore down 4x spread	Z	对得上	0.97	0.034	高	739	0.15–0.75s	0.15–0.75s		两边都空	0.0000	Mesh粒子 精灵图 多发射器(52) Matcap/抓屏扭曲	
Atk_ExileGlaiveThrow Movement	Z	对得上	1.00	0.002	高	1893	0.15–0.15s	0.15–0.15s		两边都空	0.0000	Mesh粒子 精灵图 多发射器(12) 抓屏扭曲/拖尾	
Atk_GrotGrenade	Z	对得上	1.00	0.000	高	1893	0.15–0.15s	0.15–0.15s		两边都空	0.0000	Mesh粒子 精灵图 多发射器(10) 抓屏扭曲/拖尾	
Atk_GrotGrenade_big	Z	对得上	1.00	0.000	高	1892	0.15–0.15s	0.15–0.15s		两边都空	0.0000	Mesh粒子 精灵图 多发射器(14) 抓屏扭曲/拖尾	
Atk_GrotRock	Z	对得上	1.00	0.000	高	1269	0.15–0.15s	0.15–0.15s		两边都空	0.0000	Mesh粒子 精灵图 多发射器(10) Matcap/抓屏扭曲/拖尾	
Atk_HelspearThrow Movement	Z	对得上	1.00	0.002	高	1893	0.15–0.15s	0.15–0.15s		两边都空	0.0000	Mesh粒子 精灵图 多发射器(12) 抓屏扭曲/拖尾	
Atk_JainasMor	Z	对得上	1.00	0.004	高	2385	0.15–1.00s	0.15–1.00s		对得上	0.0042	Mesh粒子 精灵图 多发射器(15) 抓屏扭曲	
Atk_KrootJavelinThrow Movement	Z	对得上	1.00	0.002	高	1893	0.15–0.15s	0.15–0.15s		两边都空	0.0000	Mesh粒子 精灵图 多发射器(12) Matcap/抓屏扭曲/拖尾	
Atk_Rokkit-Harpoon big	Z	对得上	1.00	0.000	高	1836	0.15–0.75s	0.15–0.75s		两边都空	0.0000	Mesh粒子 精灵图 多发射器(25) Matcap/抓屏扭曲	
Atk_Rokkit-Harpoon small	Z	对得上	1.00	0.000	高	1836	0.15–0.75s	0.15–0.75s		两边都空	0.0000	Mesh粒子 精灵图 多发射器(23) Matcap/抓屏扭曲	
Atk_StikkaThrow Movement	Z	对得上	1.00	0.000	高	1908	0.15–0.15s	0.15–0.15s		两边都空	0.0000	Mesh粒子 精灵图 多发射器(13) Matcap/抓屏扭曲/拖尾	
Attack_Stomp	Z	对得上	1.00	0.002	高	1115	0.15–1.50s	0.15–1.50s		对得上	0.0033	Mesh粒子 精灵图 多发射器(8) 抓屏扭曲	
BacklashEffect	Z	对得上	1.15	0.144	高	1161	0.30–2.00s	0.30–2.00s		偏亮	0.0170	精灵图 4发射器	
BansheeHowl	Z	对得上	1.00	0.000	高	765	0.15–1.00s	0.15–1.00s		对得上	0.0006	精灵图 2发射器 抓屏扭曲	
BansheeHowl_blood	Z	对得上	1.01	0.005	高	796	0.15–0.50s	0.15–0.50s		对得上	0.0001	精灵图 3发射器 抓屏扭曲	
BansheeHowl_blood glow	Z	对得上	0.83	0.183	高	1630	0.15–0.50s	0.15–0.50s		偏亮	0.0001	精灵图 4发射器 抓屏扭曲	
BansheeHowl_warlord	Z	对得上	1.00	0.000	高	765	0.15–1.00s	0.15–1.00s		对得上	0.0003	精灵图 2发射器 抓屏扭曲	
Basic_army_BL	Z	对得上	0.76	0.276	高	880	0.15–1.50s	0.15–1.50s		对得上	0.0004	精灵图 多发射器(12)	
Basic_army_DA	Z	对得上	0.98	0.019	高	822	0.15–1.50s	0.15–1.50s		对得上	0.0010	精灵图 多发射器(11)	
Basic_army_DA_Intense	Z	对得上	0.99	0.012	高	861	0.15–1.50s	0.15–1.50s		对得上	0.0017	精灵图 多发射器(16)	
Basic_army_DA_Intense_Secret	Z	对得上	1.00	0.000	高	648	0.15–1.50s	0.15–1.50s		对得上	0.0020	精灵图 多发射器(16)	
Basic_army_DA_NoIcon	Z	对得上	1.00	0.000	高	753	0.15–1.50s	0.15–1.50s		对得上	0.0018	精灵图 7发射器	
Basic_army_Guard Digital	Z	对得上	1.05	0.045	高	1934	0.15–1.50s	0.15–1.50s		对得上	0.0030	Mesh粒子 精灵图 多发射器(8)	
Basic_army_Guard Intense	Z	对得上	0.89	0.120	高	1047	0.15–2.00s	0.15–2.00s		对得上	0.0009	精灵图 多发射器(13)	
Basic_army_Guard_quick	Z	对得上	1.01	0.012	高	1605	0.15–0.75s	0.15–0.75s		两边都空	0.0000	精灵图 多发射器(8)	
Basic_army_Guard_quick Master of Ordnance	Z	对得上	1.02	0.023	高	1958	0.15–0.75s	0.15–0.75s		两边都空	0.0000	精灵图 多发射器(9) 抓屏扭曲	
Basic_army_UM	Z	对得上	0.99	0.011	高	853	0.15–1.50s	0.15–1.50s		对得上	0.0011	精灵图 多发射器(10)	
Basic_army_UM_Chainsword	Z	对得上	0.99	0.011	高	853	0.15–1.50s	0.15–1.50s		对得上	0.0012	精灵图 多发射器(11)	
Basic_army_UM_Chant	Z	对得上	0.99	0.011	高	853	0.15–1.50s	0.15–1.50s		对得上	0.0012	精灵图 多发射器(10)	
Basic_army_UM_Guilliman	Z	对得上	0.97	0.026	高	690	0.15–1.50s	0.15–1.50s		偏暗	0.0020	精灵图 多发射器(17) 抓屏扭曲	
Basic_army_UM_Hammer	Z	对得上	0.99	0.011	高	853	0.15–1.50s	0.15–1.50s		偏暗	0.0025	精灵图 多发射器(12) 抓屏扭曲	
Basic_army_UM_chaplain	Z	对得上	0.98	0.016	高	922	0.15–1.50s	0.15–1.50s		对得上	0.0004	精灵图 多发射器(11)	
Basic_army_UM_quick	Z	对得上	0.97	0.027	高	898	0.15–0.75s	0.15–0.75s		两边都空	0.0000	精灵图 多发射器(8)	
Birth of a Saga	Z	对得上	0.92	0.086	高	799	0.75–3.00s	0.75–3.00s		对得上	0.0066	Mesh粒子 精灵图 5发射器 Matcap	
Blacksword_Missile_volley	Z	对得上	1.01	0.007	高	908	0.15–3.00s	0.15–3.00s		对得上	0.0049	Mesh粒子 精灵图 多发射器(19) Matcap/抓屏扭曲	
BlindEffect	Z	对得上	1.00	0.000	高	2546	0.15–0.75s	0.15–0.75s		两边都空	0.0000	精灵图 5发射器 Sprite	
Blind_continuous_effect	Z	对得上	1.05	0.050	高	2701	0.15–3.00s	0.15–3.00s		偏暗	0.0033	精灵图 4发射器	
BloodThirstEffect	Z	对得上	0.99	0.013	高	577	0.15–1.00s	0.15–1.00s		偏亮	0.0004	Mesh粒子 精灵图 7发射器 Sprite	
BloodThirstEffect_Gain	Z	对得上	1.00	0.000	高	868	0.15–1.50s	0.15–1.50s		对得上	0.0004	Mesh粒子 精灵图 多发射器(8) Sprite	
BloodThirstEffect_Idle	Z	对得上	1.00	0.003	高	3145	1.00–3.00s	1.00–3.00s		偏暗	0.0042	精灵图 4发射器 Sprite	
BloodThirstEffect_Lose	Z	对得上	1.00	0.003	高	2628	0.15–1.00s	0.15–1.00s		对得上	0.0005	精灵图 4发射器 Sprite	
BloodThirstEffect_continuous	Z	对得上	1.00	0.001	高	3223	1.00–3.00s	1.00–3.00s		对得上	0.0003	精灵图 4发射器 Sprite	
BlueSummonCircle	Z	对得上	0.99	0.013	高	1649	0.15–2.00s	0.15–2.00s		对得上	0.0032	Mesh粒子 精灵图 7发射器	
Bore Through	Z	对得上	0.79	0.234	高	1284	0.15–1.50s	0.15–1.50s		对得上	0.0006	精灵图 7发射器	
Bore Through Intense	Z	对得上	0.79	0.231	高	1702	0.15–2.00s	0.15–2.00s		对得上	0.0020	精灵图 多发射器(12)	
Buff EC On Warlord When Creating Card	Z	对得上	0.80	0.224	高	520	0.15–3.00s	0.15–3.00s		对得上	0.0015	精灵图 多发射器(11) Sprite	
Buff EC Pink Twirl	Z	对得上	1.00	0.000	高	707	0.15–3.00s	0.15–3.00s		对得上	0.0051	精灵图 多发射器(12) Sprite	
Buff EC Pink Twirl Intense	Z	对得上	1.00	0.000	高	707	0.15–3.00s	0.15–3.00s		对得上	0.0020	精灵图 多发射器(14) Sprite	
Buff_Blue	Z	对得上	1.00	0.000	高	937	0.15–0.75s	0.15–0.75s		两边都空	0.0000	精灵图 4发射器	
Buff_Blue_SW_Intense	Z	对得上	0.78	0.245	高	998	0.15–1.00s	0.15–1.00s		对得上	0.0004	精灵图 多发射器(8)	
Buff_Blue_Tau	Z	对得上	1.00	0.005	高	937	0.15–0.75s	0.15–0.75s		两边都空	0.0000	精灵图 7发射器	
Buff_Blue_Tau_quick	Z	对得上	1.00	0.000	高	948	0.15–0.75s	0.15–0.75s		两边都空	0.0000	精灵图 5发射器	
Buff_Chaos_Star	Z	对得上	0.78	0.255	高	885	0.15–1.50s	0.15–1.50s		对得上	0.0005	精灵图 多发射器(23)	
Buff_DA_Forest_Target	Z	对得上	0.97	0.026	高	895	0.15–3.00s	0.15–3.00s		对得上	0.0005	精灵图 6发射器	
Buff_DaemonicFrenzy	Z	对得上	1.00	0.000	高	670	0.15–1.00s	0.15–1.00s		偏暗	0.0003	精灵图 6发射器	
Buff_DaemonicPact	Z	对得上	1.00	0.000	高	531	0.30–3.00s	0.30–3.00s		对得上	0.0002	Mesh粒子 精灵图 多发射器(10)	
Buff_DaemonicPact_troop	Z	对得上	1.00	0.000	高	654	0.15–0.75s	0.15–0.75s		两边都空	0.0000	精灵图 6发射器	
Buff_DarkOratory	Z	对得上	0.99	0.015	高	725	0.15–0.75s	0.15–0.75s		两边都空	0.0000	精灵图 7发射器	
Buff_DiabolicStrength	Z	对得上	1.00	0.000	高	653	0.15–1.00s	0.15–1.00s		对得上	0.0002	精灵图 5发射器	
Buff_Drach'nyen	Z	对得上	1.00	0.001	高	743	0.30–1.00s	0.30–1.00s		对得上	0.0001	精灵图 多发射器(9)	
Buff_Eldar_Warp Spider	Z	对得上	0.73	0.316	高	725	0.15–1.00s	0.15–1.00s		对得上	0.0003	精灵图 多发射器(11)	
Buff_Eldar_Warp Spider_intense	Z	对得上	0.99	0.008	高	784	0.15–1.00s	0.15–1.00s		对得上	0.0014	精灵图 多发射器(11)	
Buff_EnemyHand_GSC	Z	对得上	1.00	0.004	高	865	0.15–1.00s	0.15–1.00s		偏亮	0.0002	精灵图 5发射器	
Buff_Flies	Z	对得上	0.92	0.082	高	512	0.15–1.50s	0.15–1.00s	导出提前 1.50s 结束	对得上	0.0003	精灵图 3发射器	
Buff_FriendlyHand_GSC	Z	对得上	0.99	0.005	高	955	0.15–1.00s	0.15–1.00s		对得上	0.0003	精灵图 5发射器	
Buff_GSC	Z	对得上	0.96	0.036	高	917	0.15–1.00s	0.15–1.00s		偏亮	0.0009	精灵图 5发射器	
Buff_Green	Z	对得上	1.00	0.000	高	691	0.15–0.75s	0.15–0.75s		只有导出有	0.0000	精灵图 4发射器	
Buff_Green_Intense	Z	对得上	1.00	0.000	高	763	0.15–0.75s	0.15–0.75s		只有导出有	0.0000	精灵图 6发射器	
Buff_Hand_1	Z	对得上	1.00	0.000	高	802	0.15–1.50s	0.15–1.50s		对得上	0.0010	精灵图 3发射器	
Buff_Hand_UM	Z	对得上	1.00	0.000	高	1011	0.15–1.00s	0.15–1.00s		偏亮	0.0005	精灵图 5发射器	
Buff_HideousMutation_EC	Z	对得上	0.94	0.063	高	558	0.30–2.00s	0.30–2.00s		对得上	0.0019	Mesh粒子 精灵图 多发射器(13) Matcap	
Buff_LegacyOfVengeance	Z	对得上	0.98	0.017	高	725	0.15–0.75s	0.15–0.75s		两边都空	0.0000	精灵图 多发射器(8)	
Buff_Mana	Z	对得上	0.90	0.106	高	2820	0.15–1.00s	0.15–1.00s		偏亮	0.0288	精灵图 4发射器	
Buff_Mana_2	Z	对得上	0.86	0.147	高	1163	0.15–1.00s	0.15–1.00s		偏亮	0.0117	精灵图 4发射器	
Buff_Mana_3 Holy	Z	对得上	0.82	0.195	高	2078	0.15–1.00s	0.15–1.00s		对得上	0.0151	精灵图 4发射器	
Buff_Mana_Blood	Z	对得上	1.03	0.026	高	565	0.30–1.00s	0.50–1.00s		对得上	0.0034	精灵图 5发射器	
Buff_MarkOfNurgle	Z	对得上	1.00	0.000	高	738	0.15–1.00s	0.15–1.00s		对得上	0.0001	精灵图 多发射器(11)	
Buff_MarkOfSlaanesh	Z	对得上	1.00	0.000	高	814	0.15–2.00s	0.15–2.00s		偏亮	0.0027	精灵图 多发射器(11)	
Buff_MarkOfTzeentch	Z	对得上	0.99	0.009	高	567	0.15–1.50s	0.15–1.50s		对得上	0.0014	精灵图 多发射器(10)	
Buff_Orange	Z	对得上	1.00	0.000	高	671	0.15–0.75s	0.15–0.75s		两边都空	0.0000	精灵图 4发射器	
Buff_Ork_Mek	Z	对得上	1.01	0.015	高	923	0.15–1.00s	0.15–1.00s		对得上	0.0005	Mesh粒子 精灵图 多发射器(10) Sprite	
Buff_Red	Z	对得上	1.00	0.001	高	663	0.15–0.75s	0.15–0.75s		两边都空	0.0000	精灵图 4发射器	
Buff_Red_Intense	Z	对得上	1.00	0.000	高	663	0.15–0.75s	0.15–0.75s		两边都空	0.0000	精灵图 5发射器	
Buff_Red_ork	Z	对得上	1.03	0.032	高	634	0.15–0.75s	0.15–0.75s		两边都空	0.0000	精灵图 多发射器(8)	
Buff_SW_Blizzard	Z	对得上	1.00	0.002	高	1061	0.15–3.00s	0.15–3.00s		对得上	0.0058	精灵图 7发射器	
Buff_SW_Blizzard_Board	Z	对得上	1.00	0.000	高	2168	0.15–3.00s	0.15–3.00s		对得上	0.0050	精灵图 多发射器(9)	
Buff_SW_Runes_Blizzard OLD	Z	对得上	0.99	0.005	高	3241	0.15–3.00s	0.15–3.00s		对得上	0.0153	精灵图 多发射器(14)	
Buff_Sororitas_Intense	Z	对得上	0.91	0.089	高	1176	0.15–2.00s	0.15–2.00s		对得上	0.0010	精灵图 多发射器(10)	
Buff_Sororitas_quick_fire	Z	对得上	0.74	0.305	高	533	0.15–1.00s	0.15–1.00s		偏亮	0.0034	精灵图 多发射器(13)	
Buff_Sororitas_quick_fire_intense	Z	对得上	0.75	0.292	高	587	0.15–1.50s	0.15–1.50s		偏亮	0.0041	精灵图 多发射器(15)	
Buff_Tau_Air	Z	对得上	0.99	0.006	高	937	0.15–0.75s	0.15–0.75s		两边都空	0.0000	精灵图 5发射器	
Buff_Tau_Earth	Z	对得上	0.99	0.006	高	937	0.15–0.75s	0.15–0.75s		两边都空	0.0000	精灵图 5发射器	
Buff_Tau_Fire	Z	对得上	0.99	0.006	高	937	0.15–0.75s	0.15–0.75s		两边都空	0.0000	精灵图 5发射器	
Buff_Tau_Kroot	Z	对得上	1.00	0.000	高	833	0.15–0.75s	0.15–0.75s		两边都空	0.0000	精灵图 5发射器	
Buff_Tau_Kroot_intense	Z	对得上	0.98	0.018	高	627	0.15–1.00s	0.15–1.00s		偏亮	0.0005	精灵图 7发射器	
Buff_Tau_Water	Z	对得上	0.99	0.008	高	937	0.15–0.75s	0.15–0.75s		两边都空	0.0000	精灵图 5发射器	
Buff_Tyranid	Z	对得上	1.00	0.000	高	656	1.50–2.00s	1.50–2.00s		对得上	0.0001	Mesh粒子 精灵图 多发射器(13) Matcap	
Buff_Tyranid Armor	Z	对得上	1.00	0.000	高	847	0.50–2.00s	0.50–2.00s		对得上	0.0008	Mesh粒子 精灵图 多发射器(17) Matcap	
Buff_Tyranid Atk	Z	对得上	1.00	0.000	高	654	1.50–2.00s	1.50–2.00s		对得上	0.0000	Mesh粒子 精灵图 多发射器(13) Matcap	
Buff_Tyranid HP	Z	对得上	1.00	0.001	高	750	1.50–2.00s	1.50–2.00s		对得上	0.0001	Mesh粒子 精灵图 多发射器(11) Matcap	
Buff_UM_Intense	Z	对得上	0.93	0.075	高	568	0.75–1.50s	0.75–1.00s	导出提前 1.50s 结束	对得上	0.0019	精灵图 多发射器(9)	
BulletImpactBurst_crowd	Z	对得上	1.00	0.000	高	609	0.15–1.00s	0.15–1.00s		对得上	0.0000	精灵图 多发射器(10)	
BulletImpact_1shot	Z	对得上	1.00	0.001	高	5124	0.15–1.00s	0.15–1.00s		对得上	0.0473	精灵图 3发射器	
BulletImpact_1shotSniper	Z	对得上	1.00	0.000	高	6017	0.15–1.50s	0.15–1.50s		对得上	0.0483	精灵图 多发射器(8)	
BulletImpact_1shot_pointblank	Z	对得上	1.00	0.000	高	2123	0.15–1.00s	0.15–1.00s		对得上	0.0168	精灵图 多发射器(9)	
BulletImpact_2shot	Z	对得上	1.00	0.000	高	2811	0.15–1.50s	0.15–1.50s		对得上	0.0328	精灵图 7发射器	
BulletImpact_2shot_ork	Z	对得上	1.00	0.001	高	3584	0.15–1.50s	0.15–1.50s		对得上	0.0252	精灵图 7发射器	
BulletImpact_2shot_pointblank_EC	Z	对得上	1.00	0.000	高	2811	0.15–1.50s	0.15–1.50s		对得上	0.0310	精灵图 7发射器	
BulletImpact_2shot_pointblank_chaos	Z	对得上	1.00	0.000	高	2811	0.15–1.50s	0.15–1.50s		偏暗	0.0299	精灵图 7发射器	
BulletImpact_3shot	Z	对得上	1.00	0.000	高	5306	0.15–1.50s	0.15–1.50s		对得上	0.0436	精灵图 7发射器	
BulletImpact_3shot_pointblank	Z	对得上	1.00	0.000	高	5306	0.15–1.50s	0.15–1.50s		对得上	0.0363	精灵图 多发射器(9)	
BulletImpact_4shot	Z	对得上	1.00	0.001	高	9034	0.15–1.50s	0.15–1.50s		偏亮	0.0584	精灵图 7发射器	
BulletImpact_5shot	Z	对得上	1.00	0.000	高	8549	0.15–1.50s	0.15–1.50s		对得上	0.0898	精灵图 7发射器	
BulletImpact_9shot	Z	对得上	1.00	0.000	高	9408	0.15–2.00s	0.15–2.00s		对得上	0.0728	精灵图 7发射器	
BulletImpact_DeathSpinner Test	Z	对得上	1.00	0.001	高	1987	0.15–3.00s	0.15–3.00s		偏亮	0.0173	精灵图 多发射器(13) 拖尾	
BulletImpact_MagicMissile_EC	Z	对得上	0.98	0.015	高	592	0.15–2.00s	0.15–2.00s		对得上	0.0013	精灵图 多发射器(19) 抓屏扭曲	
BulletImpact_MagicMissile_EC_Fire	Z	对得上	0.99	0.013	高	584	0.15–2.00s	0.15–2.00s		对得上	0.0018	精灵图 多发射器(20) 抓屏扭曲	
BulletImpact_Ork Heavy Lobba	Z	对得上	1.00	0.002	高	1555	0.15–1.00s	0.15–1.00s		对得上	0.0000	Mesh粒子 精灵图 多发射器(24) Matcap/抓屏扭曲	
BulletImpact_Ork Missile Big	Z	对得上	1.00	0.000	高	1336	0.15–1.00s	0.15–1.00s		两边都空	0.0000	Mesh粒子 精灵图 多发射器(16)	
BulletImpact_Pyrovore	Z	对得上	0.99	0.012	高	1889	0.15–0.30s	0.15–0.30s		两边都空	0.0000	Mesh粒子 精灵图 多发射器(13) 拖尾	
BulletImpact_Pyrovore OLD	Z	对得上	1.00	0.004	高	1169	0.15–0.50s	0.15–0.50s		偏亮	0.0002	Mesh粒子 精灵图 多发射器(13) 拖尾	
BulletImpact_Sonic Weapon 1	Z	对得上	1.20	0.180	高	802	0.75–1.50s	0.75–1.50s		偏亮	0.0049	Mesh粒子 精灵图 多发射器(25) 抓屏扭曲	
BulletImpact_Tau_Pulse Bomb	Z	对得上	1.00	0.001	高	3568	0.15–0.75s	0.15–0.75s		两边都空	0.0000	精灵图 多发射器(24) 抓屏扭曲	
BulletImpact_deathspinner_arc_alt	Z	对得上	0.99	0.006	高	654	0.15–3.00s	0.15–3.00s		两边都空	0.0000	精灵图 多发射器(24) 拖尾	
CamouflageEffect	Z	对得上	1.31	0.270	高	2322	0.15–3.00s	0.15–3.00s		偏暗	0.0133	精灵图 2发射器 Sprite	
CantAttackEffect	Z	对得上	1.07	0.063	高	1118	0.15–1.50s	0.15–1.50s		偏亮	0.0041	精灵图 4发射器 Sprite	
Card_Buff_Hand	Z	对得上	1.16	0.149	高	918	0.15–1.50s	0.15–1.50s		对得上	0.0003	精灵图 6发射器	
Card_Buff_Hand_Ork	Z	对得上	1.02	0.020	高	1467	0.15–1.50s	0.15–1.50s		对得上	0.0008	精灵图 7发射器	
Card_Buff_Hand_SW	Z	对得上	0.95	0.055	高	650	0.15–1.50s	0.15–1.50s		对得上	0.0015	精灵图 6发射器	
Card_Buff_Sabotage_trigger	Z	对得上	1.00	0.000	高	1030	0.15–1.00s	0.15–1.00s		偏暗	0.0005	精灵图 6发射器	
Card_Buff_Tyranid	Z	对得上	1.00	0.002	高	1597	0.15–1.00s	0.15–1.00s		对得上	0.0006	精灵图 2发射器	
Chaos_Destroy_Brutal	Z	对得上	0.92	0.089	高	746	0.15–0.30s	0.15–0.30s		两边都空	0.0000	精灵图 多发射器(14) 抓屏扭曲	
Chronomancer_Buff	Z	对得上	0.99	0.008	高	2092	0.15–1.50s	0.15–1.50s		对得上	0.0042	Mesh粒子 精灵图 5发射器 拖尾	
CodexEffect	Z	对得上	1.01	0.015	高	3262	0.15–2.00s	0.15–2.00s		对得上	0.0051	精灵图 6发射器 Sprite	
CodexIdleEffect	Z	对得上	1.02	0.017	高	3262	0.15–3.00s	0.15–3.00s		对得上	0.0037	精灵图 6发射器 Sprite	
ComboEffect	Z	对得上	0.95	0.046	高	2188	0.15–2.00s	0.15–2.00s		对得上	0.0123	Mesh粒子 精灵图 6发射器 Sprite	
CompanionEffect	Z	对得上	1.02	0.024	高	1762	0.15–1.00s	0.15–1.00s		对得上	0.0013	Mesh粒子 精灵图 7发射器 Sprite	
Cosmic Serpent	Z	对得上	0.94	0.063	高	779	0.15–3.00s	0.15–3.00s		对得上	0.0028	Mesh粒子 精灵图 多发射器(12)	
Cosmic Serpent_Secondary	Z	对得上	0.96	0.038	高	779	0.15–3.00s	0.15–3.00s		偏亮	0.0028	Mesh粒子 精灵图 多发射器(12)	
CreateCard GSC	Z	对得上	0.87	0.138	高	531	0.15–1.00s	0.15–1.00s		对得上	0.0030	精灵图 多发射器(11)	
CreateCard GSC 5x	Z	对得上	0.76	0.276	高	1062	0.15–2.00s	0.15–2.00s		对得上	0.0024	精灵图 多发射器(55)	
CreateCard Orks	Z	对得上	0.99	0.006	高	737	0.15–2.00s	0.15–2.00s		对得上	0.0036	精灵图 多发射器(11)	
CreateCard Orks 1	Z	对得上	0.99	0.006	高	737	0.15–2.00s	0.15–2.00s		对得上	0.0037	精灵图 多发射器(11)	
CreateCard Sabotage	Z	对得上	1.00	0.000	高	635	0.30–1.50s	0.30–1.50s		对得上	0.0027	精灵图 多发射器(10)	
Cut Termie Lightning Claws	Z	对得上	1.00	0.004	高	1243	0.15–0.15s	0.15–0.15s		对得上	0.0007	精灵图 多发射器(34) 抓屏扭曲	
DaIrongobEffect	Z	对得上	0.98	0.015	高	1457	0.15–1.50s	0.15–1.50s		对得上	0.0043	Mesh粒子 精灵图 多发射器(8) Sprite	
Deathspinner Cut Effect	Z	对得上	1.00	0.000	高	1947	0.30–2.00s	0.30–2.00s		对得上	0.0032	精灵图 1发射器	
Debuff EC	Z	对得上	0.98	0.020	高	743	0.15–2.00s	0.15–2.00s		对得上	0.0021	精灵图 多发射器(10) Sprite	
Debuff_Mana_Tyranid	Z	对得上	1.28	0.248	高	2629	0.15–1.50s	0.15–1.50s		对得上	0.0165	精灵图 5发射器 抓屏扭曲	
DeckBuff Grey	Z	对得上	1.04	0.040	高	3399	0.15–1.00s	0.15–1.00s		偏亮	0.0009	精灵图 4发射器	
DeckBuff1	Z	对得上	1.05	0.047	高	3898	0.15–1.00s	0.15–1.00s		偏亮	0.0008	精灵图 4发射器	
DeckBuff_BlackLegion	Z	对得上	1.00	0.005	高	1416	0.15–1.00s	0.15–1.00s		两边都空	0.0000	精灵图 4发射器	
DeckBuff_GSC	Z	对得上	1.24	0.217	高	2161	0.15–1.00s	0.15–1.00s		对得上	0.0007	精灵图 4发射器 UI/文字	
DeckBuff_Green	Z	对得上	1.00	0.004	高	4362	0.15–1.00s	0.15–1.00s		偏亮	0.0003	精灵图 5发射器	
DeckBuff_Green 2	Z	对得上	0.76	0.272	高	3693	0.15–2.00s	0.15–2.00s		对得上	0.0029	精灵图 4发射器	
DeckBuff_MoveToTop	Z	对得上	1.00	0.000	高	4074	0.15–1.00s	0.15–1.00s		偏亮	0.0002	精灵图 5发射器	
DeckBuff_Orks	Z	对得上	0.98	0.017	高	2170	0.15–1.00s	0.15–1.00s		对得上	0.0005	精灵图 4发射器	
DeckBuff_SW	Z	对得上	0.99	0.006	高	4205	0.15–2.00s	0.15–2.00s		对得上	0.0046	精灵图 5发射器	
Delightful Agonies Launch Projectile	Z	对得上	1.00	0.005	高	1900	0.15–1.50s	0.15–1.50s		对得上	0.0017	精灵图 多发射器(22) 抓屏扭曲	
Delightful_Agonies_Projectile	Z	对得上	1.00	0.000	高	1004	0.15–2.00s	0.15–2.00s		对得上	0.0041	精灵图 多发射器(9)	
Duty Reset	Z	对得上	1.01	0.012	高	890	0.15–1.00s	0.15–1.00s		偏亮	0.0027	Mesh粒子 精灵图 6发射器 Sprite	
DutyEffect	Z	对得上	1.12	0.112	高	782	0.30–1.00s	0.30–1.00s		偏亮	0.0057	Mesh粒子 精灵图 6发射器 Sprite	
EC Target	Z	对得上	1.00	0.000	高	709	0.30–0.75s	0.30–0.75s		两边都空	0.0000	Mesh粒子 精灵图 7发射器 Sprite	
EC_Sonic Shock	Z	对得上	1.03	0.031	高	635	0.15–2.00s	0.15–2.00s		对得上	0.0020	Mesh粒子 精灵图 多发射器(11) Matcap/抓屏扭曲	
EC_Sonic Stomp	Z	对得上	0.98	0.025	高	1170	0.15–1.50s	0.15–1.50s		对得上	0.0034	Mesh粒子 精灵图 多发射器(11) Matcap/抓屏扭曲	
EarthCrack_Single	Z	对得上	1.00	0.000	高	1262	0.30–3.00s	0.30–3.00s		对得上	0.0038	Mesh粒子 精灵图 4发射器	
Emperors Children Generic Buff	Z	对得上	1.25	0.219	高	1336	0.15–1.50s	0.15–2.00s	导出多播到 2.00s	对得上	0.0030	精灵图 多发射器(12)	
Emperors Children Generic Buff Record	Z	对得上	1.31	0.270	高	1336	0.15–1.50s	0.15–2.00s	导出多播到 2.00s	对得上	0.0025	精灵图 多发射器(12)	
Environmental Condition Astra Militarum Dawn Attack	Z	对得上	1.00	0.000	高	10950	0.15–3.00s	0.15–3.00s		对得上	0.0004	精灵图 6发射器 场景烘焙	
Environmental Condition Black Legion Helfire Outburst	Z	对得上	1.00	0.003	高	943	0.30–3.00s	0.30–3.00s		对得上	0.0020	Mesh粒子 精灵图 多发射器(104) 抓屏扭曲	
Environmental Condition Black Legion Warp Storm	Z	对得上	1.00	0.001	高	2958	0.15–3.00s	0.15–3.00s		对得上	0.0008	Mesh粒子 精灵图 多发射器(62) 抓屏扭曲	
Environmental Condition Dark Angels Asteroid Zone	Z	对得上	1.34	0.296	高	10526	0.15–3.00s	0.15–3.00s		对得上	0.0217	Mesh粒子 精灵图 多发射器(39) Matcap	
Environmental Condition Dark Angels Orbiting	Z	对得上	1.13	0.122	高	5143	0.15–3.00s	0.15–3.00s		偏亮	0.0057	精灵图 5发射器 场景烘焙	
Environmental Condition Dark Angels Void Combat	Z	对得上	1.16	0.149	高	10648	0.15–3.00s	0.15–3.00s		对得上	0.0147	精灵图 多发射器(73) 场景烘焙	
Environmental Condition Emperor's Children 1 Green	Z	对得上	1.00	0.000	高	630	0.15–3.00s	0.15–3.00s		偏暗	0.0049	Mesh粒子 精灵图 多发射器(67) Matcap/抓屏扭曲	
Environmental Condition Emperor's Children 1 Pink REJECTED	Z	对得上	1.01	0.007	高	683	0.15–3.00s	0.15–3.00s		偏暗	0.0074	Mesh粒子 精灵图 多发射器(61) Matcap/抓屏扭曲	
Environmental Condition Emperor's Children 2 Fumes	Z	对得上	1.18	0.165	高	756	0.15–3.00s	0.15–3.00s		对得上	0.0016	精灵图 多发射器(34)	
Environmental Condition Emperor's Children Empyric Rift	Z	对得上	1.00	0.000	高	504	0.15–3.00s	0.15–3.00s		对得上	0.0002	精灵图 多发射器(21)	
Environmental Condition Emperor's Children Empyric Rift OLD	Z	对得上	1.00	0.000	高	505	0.15–3.00s	0.15–3.00s		对得上	0.0001	精灵图 多发射器(26)	
Environmental Condition Necrons Immortal Beams	Z	对得上	0.71	0.337	高	674	0.50–3.00s	0.50–3.00s		对得上	0.0002	Mesh粒子 精灵图 多发射器(62) Sprite	
Environmental Condition Necrons Solar Storm	Z	对得上	1.00	0.002	高	2574	0.15–3.00s	0.15–3.00s		对得上	0.0017	Mesh粒子 精灵图 多发射器(69) Sprite	
Environmental Condition Space Wolves Everstorm	Z	对得上	0.94	0.059	高	1483	0.15–3.00s	0.15–3.00s		对得上	0.0049	精灵图 多发射器(41)	
Environmental Condition Space Wolves First Light	Z	对得上	1.00	0.002	高	2960	0.15–3.00s	0.15–3.00s		对得上	0.0029	精灵图 多发射器(79) 场景烘焙	
Environmental Condition Space Wolves Full Moon	Z	对得上	1.00	0.000	高	6552	0.15–3.00s	0.15–3.00s		对得上	0.0169	精灵图 多发射器(36) 场景烘焙	
EnvironmentalCondition Leviathan Acid Rain	Z	对得上	0.84	0.171	高	690	0.15–3.00s	0.15–3.00s		对得上	0.0011	精灵图 多发射器(22)	
EnvironmentalCondition Leviathan Blazing Biomatter	Z	对得上	1.00	0.000	高	10578	0.15–3.00s	0.15–3.00s		对得上	0.0007	精灵图 多发射器(47) 场景烘焙	
EnvironmentalCondition Leviathan Sweeping Infestation	Z	对得上	1.00	0.000	高	10475	0.15–3.00s	0.15–3.00s		对得上	0.0009	精灵图 多发射器(26) 场景烘焙	
EnvironmentalCondition Saim Hann Infinity Circuit Overload	Z	对得上	0.90	0.103	高	697	0.15–3.00s	0.15–3.00s		对得上	0.0030	精灵图 多发射器(36)	
EnvironmentalCondition Tau Solar Eclipse	Z	对得上	1.00	0.000	高	4862	0.15–3.00s	0.15–3.00s		只有原版有	0.0367	精灵图 2发射器	
EnvironmentalCondition Ultramarines Bombardment	Z	对得上	1.00	0.000	高	747	0.75–3.00s	0.75–3.00s		对得上	0.0001	精灵图 多发射器(81) 抓屏扭曲/拖尾	
Execution_BlackLegion	Z	对得上	1.00	0.000	高	681	0.30–2.00s	0.30–2.00s		对得上	0.0002	Mesh粒子 精灵图 多发射器(10) Sprite	
Explosion Fenrisian Monstrosities	Z	对得上	0.98	0.020	高	852	1.50–3.00s	1.50–3.00s		对得上	0.0005	Mesh粒子 精灵图 多发射器(49) Matcap/抓屏扭曲	
Explosion Fenrisian Monstrosities Extra Damage	Z	对得上	1.00	0.003	高	1411	0.15–3.00s	0.15–3.00s		对得上	0.0060	Mesh粒子 精灵图 多发射器(12) Matcap	
Explosion Hand UI	Z	对得上	1.00	0.000	高	665	0.15–1.00s	0.15–1.00s		偏暗	0.0003	精灵图 7发射器	
Explosion Hive Fleet Arrival Explosions only	Z	对得上	0.73	0.320	高	854	0.15–3.00s	0.15–3.00s		对得上	0.0023	Mesh粒子 精灵图 多发射器(91) Matcap/抓屏扭曲	
Explosion Hive Fleet Arrival Tendrils	Z	对得上	0.99	0.012	高	825	0.15–3.00s	0.15–3.00s		对得上	0.0027	Mesh粒子 精灵图 多发射器(96) Matcap/抓屏扭曲	
Explosion_Debris	Z	对得上	1.00	0.000	高	569	0.15–1.00s	0.15–1.00s		对得上	0.0007	精灵图 7发射器 抓屏扭曲	
Explosion_Debris_UI	Z	对得上	1.00	0.000	高	682	0.15–1.50s	0.15–1.50s		对得上	0.0006	精灵图 7发射器 抓屏扭曲	
Explosion_Ground	Z	对得上	1.01	0.009	高	732	0.15–1.50s	0.15–1.50s		对得上	0.0006	精灵图 1发射器	
Explosion_Possession	Z	对得上	1.00	0.000	高	1568	0.50–2.00s	0.50–2.00s		对得上	0.0012	精灵图 多发射器(8)	
Explosion_Short	Z	对得上	1.00	0.000	高	4857	0.15–0.30s	0.15–0.30s		两边都空	0.0000	精灵图 5发射器	
Explosion_gauss	Z	对得上	1.00	0.002	高	963	0.15–1.50s	0.15–1.50s		对得上	0.0012	精灵图 7发射器	
Explosion_gauss_yellow	Z	对得上	0.73	0.315	高	2574	0.15–1.00s	0.15–1.00s		偏亮	0.0015	精灵图 5发射器	
Faith UI Gain	Z	对得上	1.00	0.000	高	1638	0.15–1.50s	0.15–1.50s		对得上	0.0009	精灵图 多发射器(8)	
Faith UI Trigger	Z	对得上	1.00	0.000	高	2210	0.15–1.00s	0.15–1.00s		偏暗	0.0013	精灵图 5发射器	
Faith_trigger_unit	Z	对得上	0.94	0.057	高	909	0.15–2.00s	0.15–2.00s		对得上	0.0015	精灵图 多发射器(8)	
FerocityEffect	Z	对得上	1.00	0.004	高	1549	0.30–1.50s	0.30–1.50s		对得上	0.0037	Mesh粒子 精灵图 多发射器(10) Sprite	
Ferocity_RecallToDeck	Z	对得上	1.00	0.000	高	645	0.15–1.50s	0.15–1.50s		对得上	0.0007	精灵图 多发射器(9)	
FlameBurst_Sororitas	Z	对得上	1.00	0.003	高	2378	0.15–1.00s	0.15–1.00s		对得上	0.0067	精灵图 6发射器	
FlankEffect	Z	对得上	1.07	0.069	高	1234	0.30–1.00s	0.30–1.00s		对得上	0.0030	Mesh粒子 精灵图 多发射器(8) Sprite	
Flayed One Summon	Z	对得上	1.00	0.000	高	1184	0.15–2.00s	0.15–2.00s		对得上	0.0004	精灵图 6发射器	
FlyingEffect	Z	对得上	1.00	0.000	高	546	0.15–3.00s	0.15–3.00s		对得上	0.0003	Mesh粒子 精灵图 7发射器 Sprite	
FrenziedEffect	Z	对得上	1.11	0.100	高	1240	0.15–0.75s	0.15–0.75s		两边都空	0.0000	精灵图 3发射器 Sprite	
GSC Summon	Z	对得上	1.00	0.000	高	796	0.15–2.00s	0.15–2.00s		对得上	0.0003	精灵图 4发射器	
GainShuriken	Z	对得上	1.00	0.002	高	2418	0.15–1.50s	0.15–1.50s		对得上	0.0115	Mesh粒子 精灵图 7发射器 Sprite	
Goff_GreatestWarboss	Z	对得上	1.00	0.000	高	1591	0.30–3.00s	0.30–3.00s		对得上	0.0059	Mesh粒子 精灵图 多发射器(8) Matcap/Sprite	
Goff_ProperKilly	Z	对得上	1.00	0.000	高	2757	0.15–2.00s	0.15–2.00s		对得上	0.0081	Mesh粒子 精灵图 多发射器(16) Matcap	
Goff_ProphetOfDaWaaagh	Z	对得上	1.00	0.000	高	1427	0.30–3.00s	0.30–3.00s		对得上	0.0052	Mesh粒子 精灵图 6发射器 Matcap/Sprite	
Goff_Rok_Invasion	Z	对得上	1.00	0.000	高	1693	0.15–3.00s	0.15–3.00s		偏亮	0.0019	Mesh粒子 精灵图 6发射器	
Goff_WaaaghRed_skulls	Z	对得上	0.70	0.350	高	550	0.15–1.00s	0.15–1.00s		对得上	0.0006	Mesh粒子 精灵图 多发射器(11)	
Hammer_Throw_SW	Z	对得上	0.76	0.273	高	1253	0.15–3.00s	0.15–3.00s		对得上	0.0023	Mesh粒子 精灵图 多发射器(17) 抓屏扭曲	
HeroOfTheEmpire OLD	Z	对得上	1.00	0.005	高	2207	0.15–1.50s	0.15–1.50s		偏暗	0.0036	Mesh粒子 精灵图 多发射器(12) Sprite	
HeroRespiteEffect	Z	对得上	1.00	0.000	高	2126	0.15–3.00s	0.15–3.00s		对得上	0.0058	Mesh粒子 精灵图 5发射器 Sprite	
Hive Fleet Ground Growth	Z	对得上	1.00	0.000	高	763	0.15–1.50s	0.15–1.50s		对得上	0.0006	精灵图 多发射器(11)	
Impact_Ground_Stomp	Z	对得上	1.00	0.000	高	1217	0.30–1.50s	0.15–1.50s		对得上	0.0024	Mesh粒子 精灵图 多发射器(11) 抓屏扭曲	
Impact_Ground_Stomp_Big	Z	对得上	1.00	0.005	高	578	0.15–1.50s	0.30–1.50s		对得上	0.0005	Mesh粒子 精灵图 多发射器(14) Matcap/抓屏扭曲	
Infernal_Gaze	Z	对得上	0.99	0.008	高	1777	0.15–1.00s	0.15–1.00s		对得上	0.0000	精灵图 多发射器(11)	
InspiredRetributionEffect	Z	对得上	0.98	0.025	高	1145	0.30–1.00s	0.30–1.00s		对得上	0.0005	精灵图 多发射器(11) Sprite	
Invoke Minion Card Fade Legendary	Z	对得上	1.00	0.001	高	3413	0.15–2.00s	0.15–2.00s		对得上	0.0154	精灵图 2发射器	
Invoke Minion Hits Ground	Z	对得上	1.00	0.000	高	748	0.15–0.75s	0.15–0.75s		只有导出有	0.0062	Mesh粒子 精灵图 多发射器(8)	
Invoke Minion Hits Ground Legendary	Z	对得上	0.97	0.027	高	1074	0.15–1.00s	0.15–1.00s		偏亮	0.0159	Mesh粒子 精灵图 多发射器(15)	
Invoke Minion Legendary ALT	Z	对得上	0.98	0.016	高	1127	0.15–1.00s	0.15–1.00s		偏亮	0.0262	Mesh粒子 精灵图 多发射器(12)	
InvulnerableEffect	Z	对得上	1.02	0.018	高	545	0.15–3.00s	0.15–3.00s		对得上	0.0011	精灵图 5发射器 Sprite	
InvulnerableEffectDark	Z	对得上	1.05	0.045	高	561	0.15–3.00s	0.15–3.00s		对得上	0.0005	精灵图 6发射器 Sprite	
InvulnerableEffectSW	Z	对得上	1.02	0.023	高	544	0.15–3.00s	0.15–3.00s		对得上	0.0008	精灵图 5发射器 Sprite	
KhaineBuff	Z	对得上	1.00	0.000	高	704	0.15–0.75s	0.15–0.75s		两边都空	0.0000	精灵图 7发射器 Matcap	
Kroot_Summon_quick	Z	对得上	1.00	0.000	高	513	0.15–1.00s	0.15–1.00s		对得上	0.0001	精灵图 5发射器	
Lightning burst webway	Z	对得上	0.78	0.243	高	524	0.15–2.00s	0.15–2.00s		偏亮	0.0025	精灵图 5发射器	
Lightning_Green	Z	对得上	0.83	0.181	高	4425	0.15–3.00s	0.15–3.00s		偏亮	0.0052	精灵图 6发射器 Sprite	
LongRange_GainTrait	Z	对得上	1.00	0.002	高	840	0.15–1.00s	0.15–1.00s		对得上	0.0005	精灵图 6发射器	
LongRange_LoseTrait	Z	对得上	0.97	0.033	高	662	2.00–3.00s	2.00–3.00s		两边都空	0.0000	精灵图 5发射器	
MarkOfNurgle_enchantment	Z	对得上	1.00	0.000	高	587	1.50–3.00s	1.50–3.00s		两边都空	0.0000	精灵图 4发射器	
MarkOfSlaanesh_enchantment	Z	对得上	1.00	0.000	高	651	0.50–3.00s	0.50–3.00s		对得上	0.0015	精灵图 3发射器	
MarkerlightExpire	Z	对得上	1.00	0.003	高	691	0.15–1.50s	0.15–1.50s		对得上	0.0012	精灵图 7发射器	
MarkerlightProcEffect	Z	对得上	0.99	0.006	高	1736	0.15–2.00s	0.15–2.00s		对得上	0.0044	精灵图 多发射器(17) Sprite	
MarkerlightTriggerDamage	Z	对得上	1.14	0.133	高	1675	0.15–1.50s	0.15–1.50s		对得上	0.0019	精灵图 多发射器(14) Sprite	
MoreDakkaEffect	Z	对得上	0.82	0.202	高	1772	0.15–1.00s	0.15–1.00s		偏亮	0.0035	Mesh粒子 精灵图 5发射器 Sprite	
Necrons death explosion	Z	对得上	1.00	0.000	高	810	0.15–3.00s	0.15–3.00s		对得上	0.0007	精灵图 7发射器 拖尾	
Ork Environmental Condition Dust	Z	对得上	1.00	0.004	高	1472	0.15–3.00s	0.15–1.50s	导出提前 3.00s 结束	对得上	0.0004	精灵图 4发射器	
Ork_Target	Z	对得上	0.96	0.038	高	507	0.15–1.00s	0.15–1.00s		只有原版有	0.0001	Mesh粒子 精灵图 7发射器 Sprite	
PathOfTheSeer	Z	对得上	1.07	0.065	高	915	0.15–2.00s	0.15–2.00s		对得上	0.0000	精灵图 7发射器	
PathOfTheSeerGreen	Z	对得上	1.07	0.066	高	895	0.15–2.00s	0.15–2.00s		对得上	0.0000	精灵图 7发射器	
PathOfTheSeerRed	Z	对得上	1.07	0.065	高	853	0.15–2.00s	0.15–2.00s		对得上	0.0000	精灵图 7发射器	
PathOfTheSeer_BG-effect	Z	对得上	1.07	0.065	高	915	0.15–2.00s	0.15–2.00s		对得上	0.0000	精灵图 7发射器	
PathOfTheWarrior_Projectile	Z	对得上	1.00	0.001	高	2420	0.15–2.00s	0.15–2.00s		对得上	0.0013	Mesh粒子 精灵图 多发射器(10)	
PenitenceEffect	Z	对得上	0.97	0.028	高	840	0.30–1.50s	0.30–1.50s		偏亮	0.0022	精灵图 多发射器(8) Sprite	
Plasmancer_Damage	Z	对得上	0.91	0.093	高	4386	0.15–1.50s	0.15–1.50s		对得上	0.0030	精灵图 6发射器 拖尾	
Possession_self	Z	对得上	0.97	0.031	高	1552	0.50–2.00s	0.50–2.00s		偏亮	0.0006	精灵图 多发射器(10)	
Psychic_Lightning_blast	Z	对得上	0.94	0.063	高	2380	0.15–0.50s	0.15–0.50s		两边都空	0.0000	精灵图 5发射器	
Psychic_Lightning_blast_chaos	Z	对得上	0.98	0.018	高	2838	0.15–0.50s	0.15–0.50s		两边都空	0.0000	精灵图 6发射器	
Psychic_Lightning_warlord_OLD	Z	对得上	0.94	0.061	高	918	0.15–0.50s	0.15–0.50s		两边都空	0.0000	精灵图 5发射器	
Psychic_Lightning_warlord_chaos	Z	对得上	0.97	0.033	高	878	0.15–0.30s	0.15–0.30s		两边都空	0.0000	精灵图 5发射器	
Psychomancer_Stun	Z	对得上	0.99	0.006	高	3115	0.15–2.00s	0.15–2.00s		对得上	0.0193	Mesh粒子 精灵图 6发射器 拖尾	
Quest UI Gain	Z	对得上	1.00	0.000	高	1235	0.15–1.00s	0.15–1.00s		对得上	0.0005	精灵图 多发射器(9)	
Quest UI Trigger	Z	对得上	1.00	0.001	高	1784	0.15–1.00s	0.15–1.00s		对得上	0.0005	精灵图 6发射器	
Rapacious_Hunger	Z	对得上	1.00	0.000	高	1406	0.15–0.50s	0.15–0.50s		两边都空	0.0000	Mesh粒子 精灵图 7发射器 抓屏扭曲	
Recall_Eldar	Z	对得上	0.98	0.016	高	2808	0.15–2.00s	0.15–2.00s		对得上	0.0033	Mesh粒子 精灵图 7发射器	
Recall_Eldar_2	Z	对得上	0.99	0.013	高	1378	0.30–2.00s	0.30–2.00s		对得上	0.0043	精灵图 多发射器(10)	
Recall_Eldar_2_quick	Z	对得上	1.00	0.002	高	1359	0.15–1.50s	0.30–1.50s		对得上	0.0030	精灵图 多发射器(8)	
Recall_Eldar_2_quick_UI	Z	对得上	0.99	0.007	高	1327	0.15–1.50s	0.15–1.50s		对得上	0.0028	精灵图 多发射器(8)	
Recall_Eldar_2_quick_ground	Z	对得上	0.99	0.010	高	676	0.30–1.50s	0.30–1.50s		对得上	0.0029	Mesh粒子 精灵图 多发射器(11) Matcap	
Recall_Eldar_2_quick_ground_warlord	Z	对得上	1.00	0.003	高	808	0.30–1.50s	0.30–1.50s		对得上	0.0017	Mesh粒子 精灵图 多发射器(11) Matcap	
Recall_Eldar_2_reverse	Z	对得上	0.99	0.008	高	693	0.15–1.00s	0.15–1.00s		对得上	0.0011	精灵图 多发射器(10)	
Recall_Generic	Z	对得上	1.00	0.000	高	611	0.75–0.75s	0.75–0.75s		两边都空	0.0000	精灵图 7发射器	
Recon Enemy Hand	Z	对得上	1.00	0.000	高	648	0.15–1.50s	0.15–1.50s		对得上	0.0015	精灵图 6发射器	
Recon Enemy Hand Purple	Z	对得上	0.99	0.006	高	1168	0.15–1.50s	0.15–1.50s		对得上	0.0027	精灵图 6发射器	
Recon Hit	Z	对得上	1.02	0.021	高	1392	0.15–1.00s	0.15–1.00s		对得上	0.0004	精灵图 7发射器 Sprite	
Recon Hit Purple	Z	对得上	1.01	0.008	高	1431	0.15–1.00s	0.15–1.00s		对得上	0.0004	精灵图 7发射器 Sprite	
RegimentEffect	Z	对得上	1.01	0.012	高	1163	0.30–1.00s	0.30–1.00s		偏亮	0.0040	Mesh粒子 精灵图 5发射器 Sprite	
RelentlessEffect	Z	对得上	1.00	0.003	高	687	0.15–1.50s	0.15–1.50s		只有原版有	0.0007	精灵图 3发射器 Sprite	
RocketTrail	Z	对得上	1.00	0.002	高	1699	0.15–0.30s	0.15–0.50s	导出多播到 0.50s	两边都空	0.0000	精灵图 多发射器(13)	
SW_Axe_Buff	Z	对得上	0.87	0.143	高	825	0.15–1.00s	0.75–1.00s		对得上	0.0010	Mesh粒子 精灵图 多发射器(9)	
SW_Tornado	Z	对得上	0.98	0.018	高	2028	0.15–3.00s	0.15–3.00s		对得上	0.0021	Mesh粒子 精灵图 多发射器(8)	
Sau_DamageProtocol	Z	对得上	1.03	0.034	高	822	0.75–1.00s	0.75–1.00s		对得上	0.0002	Mesh粒子 精灵图 多发射器(10)	
Sau_DamageProtocol_Quick	Z	对得上	1.02	0.015	高	1682	0.15–0.75s	0.15–0.75s		偏亮	0.0000	精灵图 7发射器	
Sau_Dimensional_Breach_Spawn	Z	对得上	0.95	0.048	高	1238	0.15–1.50s	0.15–1.50s		对得上	0.0039	精灵图 多发射器(9) 拖尾	
Sau_HealProtocol	Z	对得上	1.00	0.001	高	1034	0.75–1.50s	0.75–1.50s		对得上	0.0007	Mesh粒子 精灵图 多发射器(10)	
Sau_HealProtocol_OLD	Z	对得上	1.00	0.000	高	578	0.15–1.00s	0.15–1.00s		对得上	0.0001	Mesh粒子 精灵图 7发射器	
Sau_IndomitableWill	Z	对得上	0.80	0.223	高	1199	0.15–2.00s	0.15–2.00s		对得上	0.0001	Mesh粒子 精灵图 6发射器	
Sau_MasterChronomancer	Z	对得上	1.00	0.001	高	1740	0.15–2.00s	0.15–2.00s		对得上	0.0005	精灵图 多发射器(17)	
Sau_ResurrectionOrb	Z	对得上	1.00	0.002	高	1012	3.00–3.00s	3.00–3.00s		对得上	0.0001	Mesh粒子 精灵图 多发射器(19) 抓屏扭曲/拖尾	
Sau_SolarPulse	Z	对得上	1.00	0.000	高	1015	1.50–3.00s	1.50–3.00s		对得上	0.0000	精灵图 多发射器(8)	
Scarab Explosion	Z	对得上	1.00	0.000	高	636	0.15–1.50s	0.15–1.50s		对得上	0.0002	精灵图 多发射器(12) 拖尾	
Scream_Ragnar_Target	Z	对得上	1.00	0.003	高	830	0.15–1.50s	0.15–1.50s		偏暗	0.0067	精灵图 4发射器 抓屏扭曲	
Scream_gold	Z	对得上	1.00	0.003	高	1077	0.15–1.00s	0.15–1.00s		只有原版有	0.0072	精灵图 2发射器 抓屏扭曲	
Scream_purple	Z	对得上	1.00	0.000	高	748	0.15–1.00s	0.15–1.00s		只有原版有	0.0072	精灵图 2发射器 抓屏扭曲	
Scream_purple_Quick	Z	对得上	1.00	0.000	高	938	0.15–0.75s	0.15–0.75s		只有原版有	0.0088	精灵图 2发射器 抓屏扭曲	
Scream_purple_nid	Z	对得上	1.00	0.002	高	1345	0.15–1.00s	0.15–1.00s		偏暗	0.0067	精灵图 4发射器 抓屏扭曲	
Screen_Gold	Z	对得上	1.00	0.003	高	3316	0.15–2.00s	0.15–2.00s		对得上	0.0092	Mesh粒子 精灵图 3发射器	
Screen_Red	Z	对得上	1.00	0.000	高	1033	0.15–1.50s	0.15–1.50s		对得上	0.0006	Mesh粒子 精灵图 4发射器	
Screen_Top_Green	Z	对得上	1.00	0.001	高	2604	0.15–1.50s	0.15–1.50s		对得上	0.0000	Mesh粒子 精灵图 2发射器	
Sentry_Effect	Z	对得上	0.98	0.021	高	507	0.15–0.75s	0.15–0.75s		对得上	0.0001	Mesh粒子 精灵图 多发射器(12)	
ShieldTraitEffect_Idle	Z	对得上	1.00	0.004	高	544	0.15–2.00s	0.15–2.00s		对得上	0.0013	精灵图 多发射器(13)	
ShieldTraitEffect_Idle Emperor's Children Variant	Z	对得上	1.00	0.000	高	846	0.15–3.00s	0.15–3.00s		对得上	0.0019	精灵图 多发射器(15)	
ShieldTraitEffect_Idle Sororitas Variant	Z	对得上	1.04	0.036	高	867	0.15–3.00s	0.15–3.00s		对得上	0.0020	精灵图 多发射器(15)	
ShurikenEffect	Z	对得上	0.99	0.006	高	2645	0.15–1.50s	0.15–1.50s		对得上	0.0066	Mesh粒子 精灵图 5发射器 Sprite	
Slash Repeating 2x	Z	对得上	1.00	0.000	高	638	0.15–0.75s	0.15–0.75s		偏亮	0.0002	精灵图 6发射器 抓屏扭曲	
Slash Repeating 5x	Z	对得上	1.00	0.000	高	979	0.15–1.00s	0.15–1.00s		偏暗	0.0141	精灵图 6发射器 抓屏扭曲	
Smoke_Board	Z	对得上	1.00	0.000	高	1289	0.75–3.00s	0.75–3.00s		对得上	0.0006	精灵图 4发射器	
Sniper Target	Z	对得上	0.81	0.212	高	3107	0.15–1.00s	0.15–1.00s		两边都空	0.0000	精灵图 3发射器	
Sororitas Saint Custom summon	Z	对得上	0.94	0.058	高	846	0.15–1.50s	0.15–1.50s		对得上	0.0017	精灵图 多发射器(8)	
Sororitas Summon Basic	Z	对得上	0.95	0.056	高	696	0.15–1.50s	0.15–1.50s		对得上	0.0005	精灵图 5发射器	
Sororitas Summon Resurrect	Z	对得上	0.95	0.055	高	887	0.75–2.00s	0.75–2.00s		对得上	0.0018	精灵图 多发射器(13)	
Spore Mine Explosion	Z	对得上	1.00	0.000	高	740	0.15–3.00s	0.15–3.00s		对得上	0.0014	精灵图 多发射器(15) 抓屏扭曲	
StealthEffect	Z	对得上	1.03	0.030	高	2894	0.30–3.00s	0.30–3.00s		对得上	0.0027	精灵图 4发射器	
Stealth_Proc	Z	对得上	1.00	0.001	高	1760	0.15–0.75s	0.15–0.75s		两边都空	0.0000	精灵图 5发射器 Sprite	
Stealth_Proc_Eldar	Z	对得上	1.00	0.004	高	706	0.15–1.00s	0.15–1.00s		对得上	0.0004	精灵图 多发射器(10)	
Stealth_Proc_UM	Z	对得上	1.00	0.000	高	776	0.15–1.00s	0.15–1.00s		只有导出有	0.0002	精灵图 多发射器(8) 抓屏扭曲	
StompEffect	Z	对得上	0.92	0.080	高	1034	0.30–1.50s	0.30–1.50s		对得上	0.0042	Mesh粒子 精灵图 多发射器(10) Sprite/抓屏扭曲	
StrikeEffect	Z	对得上	0.93	0.071	高	851	0.15–1.50s	0.15–1.50s		对得上	0.0015	精灵图 6发射器	
StunEffect	Z	对得上	0.90	0.108	高	1023	0.15–3.00s	0.15–3.00s		偏亮	0.0018	精灵图 7发射器	
StunEffect_idle	Z	对得上	0.88	0.130	高	946	0.15–3.00s	0.15–3.00s		偏亮	0.0131	精灵图 5发射器	
StunEffect_proc	Z	对得上	1.00	0.000	高	1003	0.15–0.75s	0.15–0.75s		只有导出有	0.0001	精灵图 3发射器	
Sword_Slash_DA_Heavy	Z	对得上	0.98	0.020	高	561	0.15–0.75s	0.15–0.75s		偏亮	0.0001	Mesh粒子 精灵图 多发射器(11) 抓屏扭曲	
Sword_Slash_EC_User	Z	对得上	0.90	0.102	高	611	0.15–0.50s	0.15–0.30s	导出提前 0.50s 结束	两边都空	0.0000	Mesh粒子 精灵图 7发射器 Sprite/抓屏扭曲	
Sword_Slash_EC_User 3x	Z	对得上	0.90	0.101	高	659	0.15–0.50s	0.15–0.50s		两边都空	0.0000	Mesh粒子 精灵图 多发射器(13) Sprite/抓屏扭曲	
Sword_Slash_EC_User 7x	Z	对得上	0.90	0.103	高	544	0.15–2.00s	0.15–2.00s		对得上	0.0002	Mesh粒子 精灵图 多发射器(27) Sprite/抓屏扭曲	
Sword_Slash_EC_User Inverted	Z	对得上	0.90	0.108	高	609	0.15–0.50s	0.15–0.30s	导出提前 0.50s 结束	两边都空	0.0000	Mesh粒子 精灵图 7发射器 Sprite/抓屏扭曲	
Sword_Slash_Simple	Z	对得上	0.98	0.022	高	1675	0.15–0.75s	0.15–0.75s		两边都空	0.0000	Mesh粒子 精灵图 多发射器(8) 抓屏扭曲	
SynapseEffect	Z	对得上	1.00	0.001	高	964	0.15–1.50s	0.15–1.50s		对得上	0.0027	精灵图 多发射器(11) Sprite/抓屏扭曲	
TalentEffect	Z	对得上	1.11	0.105	高	3931	0.15–1.50s	0.15–1.50s		偏亮	0.0173	精灵图 3发射器 Sprite	
Talent_Warmaster	Z	对得上	1.00	0.000	高	510	0.15–1.00s	0.15–1.00s		对得上	0.0000	精灵图 6发射器	
Tank_Shot_Small	Z	对得上	1.00	0.000	高	628	0.15–0.50s	0.15–0.50s		两边都空	0.0001	精灵图 4发射器	
Tap Fire Eldar	Z	对得上	1.00	0.002	高	1001	0.15–1.50s	0.15–1.50s		对得上	0.0027	精灵图 4发射器	
Tap Firepit	Z	对得上	0.99	0.013	高	2148	0.15–1.50s	0.15–1.50s		对得上	0.0030	精灵图 4发射器	
Tap Firepit 2	Z	对得上	1.00	0.001	高	1607	0.15–1.50s	0.15–1.50s		偏暗	0.0003	精灵图 4发射器	
Tap Floor Grille	Z	对得上	1.00	0.000	高	583	0.15–1.00s	0.15–1.00s		偏暗	0.0005	精灵图 3发射器	
Tap Squig	Z	对得上	1.00	0.004	高	2084	0.15–3.00s	0.15–3.00s		只有原版有	0.0051	精灵图 1发射器	
Technomancer_Buff	Z	对得上	1.00	0.004	高	2466	0.15–1.00s	0.15–1.00s		对得上	0.0002	精灵图 3发射器 拖尾	
Telepathic_Control_User	Z	对得上	1.00	0.001	高	775	0.15–1.50s	0.15–1.50s		偏暗	0.0044	精灵图 6发射器 抓屏扭曲	
Telepathic_Control_target	Z	对得上	1.00	0.005	高	784	0.15–1.50s	0.15–1.50s		偏暗	0.0086	精灵图 6发射器 抓屏扭曲	
Teleport Recall	Z	对得上	0.99	0.009	高	2433	0.30–1.50s	0.30–1.50s		偏亮	0.0062	Mesh粒子 精灵图 多发射器(8)	
Teleport Trigger Effect Quick	Z	对得上	1.13	0.122	高	1862	0.15–2.00s	0.15–2.00s		对得上	0.0029	精灵图 7发射器	
TideEffect	Z	对得上	1.01	0.008	高	1630	0.15–1.00s	0.15–1.00s		对得上	0.0010	Mesh粒子 精灵图 7发射器 Sprite	
TinyFlames	Z	对得上	1.07	0.072	高	606	0.15–3.00s	0.15–3.00s		对得上	0.0022	精灵图 1发射器	
ToxicMiasma_Board	Z	对得上	1.00	0.000	高	1278	0.50–3.00s	0.50–3.00s		对得上	0.0009	精灵图 3发射器	
ToxicMiasma_Venomthrope	Z	对得上	1.00	0.000	高	1047	0.30–3.00s	0.30–3.00s		对得上	0.0013	精灵图 2发射器	
ToxicMiasma_Warlord	Z	对得上	1.00	0.000	高	762	0.15–3.00s	0.15–3.00s		偏暗	0.0049	精灵图 5发射器 抓屏扭曲	
Toxic_Entanglement	Z	对得上	0.99	0.006	高	678	0.15–2.00s	0.15–2.00s		对得上	0.0011	精灵图 多发射器(9)	
TraitorsHate_Board	Z	对得上	0.99	0.011	高	604	0.15–1.50s	0.15–1.50s		偏亮	0.0009	精灵图 3发射器	
TraitorsHate_Target	Z	对得上	0.81	0.214	高	556	0.15–0.75s	0.15–0.50s	导出提前 0.75s 结束	两边都空	0.0000	Mesh粒子 精灵图 4发射器	
Tyranid Spawn	Z	对得上	1.00	0.000	高	549	0.15–1.00s	0.15–1.00s		对得上	0.0000	精灵图 7发射器	
TyranidInvasion_Spawn	Z	对得上	0.98	0.023	高	893	0.15–1.00s	0.15–1.00s		对得上	0.0006	精灵图 多发射器(9) 抓屏扭曲	
Tyranid_Burrow	Z	对得上	1.00	0.000	高	959	0.15–2.00s	0.15–2.00s		对得上	0.0027	Mesh粒子 精灵图 6发射器 Matcap	
UM_Buff	Z	对得上	1.00	0.000	高	934	0.75–1.50s	0.75–1.50s		对得上	0.0030	Mesh粒子 精灵图 6发射器 Sprite	
UM_DeathFromAbove	Z	对得上	0.91	0.089	高	606	0.15–2.00s	0.15–2.00s		偏亮	0.0050	Mesh粒子 精灵图 多发射器(15)	
UM_MightOfHeroesEffect	Z	对得上	1.00	0.001	高	2647	0.75–1.50s	0.75–1.50s		对得上	0.0187	精灵图 4发射器 Sprite	
UM_TacticalInsight	Z	对得上	1.00	0.001	高	1286	0.15–1.50s	0.15–1.50s		对得上	0.0009	Mesh粒子 精灵图 多发射器(8)	
UM_Target_LockOn_Crosshair	Z	对得上	0.93	0.075	高	1798	0.15–1.50s	0.15–1.50s		对得上	0.0002	Mesh粒子 精灵图 多发射器(8)	
Uprising Trait	Z	对得上	0.92	0.079	高	879	0.15–1.50s	0.15–1.50s		对得上	0.0006	精灵图 多发射器(10)	
VanguardIdleEffect	Z	对得上	1.00	0.002	高	1466	0.15–1.50s	0.15–1.50s		对得上	0.0036	精灵图 多发射器(25) Matcap	
VulnerableEffect	Z	对得上	0.99	0.012	高	3117	0.15–3.00s	0.15–3.00s		对得上	0.0030	精灵图 3发射器 Sprite	
WailingDoom	Z	对得上	1.00	0.001	高	768	0.15–1.50s	0.15–1.50s		对得上	0.0009	Mesh粒子 精灵图 多发射器(25) Matcap/抓屏扭曲	
Warp Storm Target	Z	对得上	1.00	0.004	高	1527	0.15–2.00s	0.15–2.00s		对得上	0.0012	Mesh粒子 精灵图 多发射器(12)	
Waystone UI Gain	Z	对得上	1.00	0.001	高	1749	0.75–1.00s	0.75–1.00s		对得上	0.0010	精灵图 5发射器	
Waystone UI Spend	Z	对得上	1.00	0.002	高	1727	0.15–0.75s	0.15–0.75s		两边都空	0.0000	精灵图 5发射器	
WaystoneTrigger	Z	对得上	0.96	0.044	高	899	0.15–2.00s	0.15–2.00s		对得上	0.0122	Mesh粒子 精灵图 多发射器(8)	
Wild Rider Chieftain	Z	对得上	1.00	0.002	高	2541	0.15–1.50s	0.15–1.50s		对得上	0.0040	精灵图 多发射器(8)	
WorstTemperEffect	Z	对得上	1.00	0.003	高	1703	0.15–1.50s	0.15–1.50s		偏亮	0.0015	Mesh粒子 精灵图 多发射器(8) Sprite	
Air to Ground Big	Z	对得上	0.89	0.122	中	203	0.15–1.50s	0.15–1.50s		偏亮	0.0015	Mesh粒子 精灵图 多发射器(35)	
Artillery Ground	Z	对得上	0.81	0.212	中	308	1.00–1.00s	1.00–1.00s		偏亮	0.0009	Mesh粒子 精灵图 多发射器(13)	
Artillery Manticore down 2x spread	Z	对得上	0.97	0.026	中	410	0.15–0.50s	0.15–0.50s		两边都空	0.0000	Mesh粒子 精灵图 多发射器(26) Matcap/抓屏扭曲	
Artillery Manticore up 4x	Z	对得上	0.94	0.057	中	245	0.30–0.75s	0.30–1.00s	导出多播到 1.00s	对得上	0.0014	Mesh粒子 精灵图 多发射器(96) Matcap/抓屏扭曲	
Axe_Slash_User_SW	Z	对得上	0.90	0.107	中	336	0.15–1.50s	0.15–1.50s		对得上	0.0011	Mesh粒子 精灵图 多发射器(8) 抓屏扭曲	
Basic_army_Guard	Z	对得上	1.00	0.003	中	492	0.15–1.50s	0.15–1.50s		对得上	0.0004	精灵图 多发射器(10)	
Basic_army_Guard Board	Z	对得上	0.77	0.267	中	454	0.30–1.50s	0.30–1.50s		对得上	0.0004	精灵图 多发射器(16)	
BeastSnagga_Summon	Z	对得上	1.00	0.000	中	475	0.30–2.00s	0.30–2.00s		对得上	0.0031	Mesh粒子 精灵图 多发射器(9) Matcap	
BigKrumpaKlawEffect	Z	对得上	1.01	0.006	中	377	0.15–0.50s	0.15–0.50s		两边都空	0.0000	精灵图 多发射器(23)	
BloodySplash	Z	对得上	1.00	0.000	中	251	0.15–0.75s	0.15–0.75s		只有导出有	0.0000	精灵图 3发射器	
BolterSweep_2	Z	对得上	0.90	0.106	中	266	0.15–2.00s	0.15–2.00s		对得上	0.0031	Mesh粒子 精灵图 多发射器(13) Matcap	
Buff EC Stimulate	Z	对得上	0.98	0.022	中	342	0.30–2.00s	0.30–2.00s		对得上	0.0210	精灵图 多发射器(10) Sprite	
Buff_BL_Intense	Z	对得上	1.00	0.000	中	313	0.15–1.00s	0.15–1.00s		对得上	0.0002	精灵图 多发射器(10)	
Buff_Green_Agenda	Z	对得上	0.97	0.028	中	264	0.15–0.75s	0.15–0.75s		只有导出有	0.0004	精灵图 多发射器(9)	
Buff_Green_DA	Z	对得上	0.99	0.011	中	304	0.15–1.00s	0.15–1.00s		偏亮	0.0010	精灵图 多发射器(9)	
Buff_HideousMutation_rage	Z	对得上	1.00	0.000	中	325	0.30–2.00s	0.30–2.00s		对得上	0.0008	Mesh粒子 精灵图 多发射器(13)	
Buff_MarkOfKhorne	Z	对得上	1.00	0.000	中	398	0.15–1.00s	0.15–1.00s		对得上	0.0000	精灵图 7发射器	
Buff_Purple	Z	对得上	1.00	0.000	中	362	0.15–0.75s	0.15–0.75s		对得上	0.0001	精灵图 5发射器	
Buff_SW_Lightning_quick	Z	对得上	0.71	0.344	中	314	0.15–0.15s	0.15–0.15s		两边都空	0.0000	Mesh粒子 精灵图 多发射器(11) Matcap	
Buff_Sautekh_Intense	Z	对得上	1.00	0.004	中	340	0.75–1.00s	0.75–1.00s		对得上	0.0004	精灵图 多发射器(9)	
Buff_Sororitas	Z	对得上	0.96	0.040	中	360	0.15–1.50s	0.15–1.50s		对得上	0.0007	精灵图 7发射器	
Buff_Tau_GrislyFeast	Z	对得上	1.00	0.000	中	231	0.15–1.00s	0.15–1.00s		对得上	0.0000	精灵图 7发射器	
Buff_Tau_Intense	Z	对得上	1.00	0.000	中	354	0.15–0.75s	0.15–0.75s		对得上	0.0002	精灵图 多发射器(8)	
BulletImpact_2shot_trail_EC	Z	对得上	1.00	0.003	中	409	0.15–0.15s	0.15–0.15s		两边都空	0.0000	Mesh粒子 精灵图 多发射器(16) Matcap/拖尾	
BulletImpact_2shot_trail_EC Daemon	Z	对得上	1.00	0.000	中	411	0.15–0.15s	0.15–0.15s		只有原版有	0.0000	精灵图 多发射器(15)	
BulletImpact_2shot_trail_chaos	Z	对得上	1.00	0.000	中	323	0.15–0.15s	0.15–0.15s		两边都空	0.0000	Mesh粒子 精灵图 多发射器(16) Matcap/拖尾	
BulletImpact_2shot_trail_nurgle	Z	对得上	1.00	0.000	中	372	0.30–0.30s	0.30–0.30s		只有导出有	0.0000	Mesh粒子 精灵图 多发射器(17) Matcap/拖尾	
BulletImpact_3shot_trail_EC	Z	对得上	1.00	0.003	中	409	0.15–0.15s	0.15–0.15s		只有原版有	0.0000	Mesh粒子 精灵图 多发射器(16) Matcap/拖尾	
BulletImpact_3shot_trail_chaos	Z	对得上	1.00	0.000	中	323	0.15–0.15s	0.15–0.15s		两边都空	0.0000	Mesh粒子 精灵图 多发射器(16) Matcap/拖尾	
BulletImpact_4shot_trail_EC	Z	对得上	1.00	0.002	中	400	0.15–0.15s	0.15–0.15s		偏暗	0.0001	Mesh粒子 精灵图 多发射器(16) Matcap/拖尾	
BulletImpact_4shot_trail_chaos	Z	对得上	1.00	0.000	中	216	0.15–0.15s	0.15–0.15s		两边都空	0.0000	Mesh粒子 精灵图 多发射器(16) Matcap/拖尾	
BulletImpact_4shot_trail_nurgle	Z	对得上	1.00	0.003	中	423	0.30–0.30s	0.30–0.30s		偏暗	0.0001	Mesh粒子 精灵图 多发射器(17) Matcap/拖尾	
BulletImpact_5shot_trail_EC	Z	对得上	1.00	0.000	中	400	0.15–0.15s	0.15–0.15s		对得上	0.0001	Mesh粒子 精灵图 多发射器(16) Matcap/拖尾	
BulletImpact_5shot_trail_chaos	Z	对得上	1.00	0.000	中	344	0.15–0.15s	0.15–0.15s		对得上	0.0000	Mesh粒子 精灵图 多发射器(16) Matcap/拖尾	
BulletImpact_6shot_trail_EC Daemon	Z	对得上	1.00	0.002	中	324	0.15–0.30s	0.15–0.30s		偏亮	0.0001	精灵图 多发射器(15)	
BulletImpact_BulletHole	Z	对得上	1.00	0.000	中	428	0.15–1.00s	0.15–1.00s		对得上	0.0000	精灵图 3发射器	
BulletImpact_Combi_Flamer_Infernus	Z	对得上	0.96	0.038	中	263	0.30–1.50s	0.30–1.50s		对得上	0.0005	精灵图 多发射器(11)	
BulletImpact_DeathSpinner_twinlink	Z	对得上	1.00	0.000	中	272	0.15–0.75s	0.15–0.75s		两边都空	0.0000	精灵图 多发射器(22)	
BulletImpact_DeathSpinner_twinlink_large parabolic	Z	对得上	0.82	0.198	中	366	0.50–2.00s	0.50–2.00s		对得上	0.0033	精灵图 多发射器(11)	
BulletImpact_FlamethrowerSororitas_long	Z	对得上	0.96	0.043	中	376	0.15–3.00s	0.30–3.00s		对得上	0.0008	精灵图 多发射器(12)	
BulletImpact_Flamethrower_ClearanceIncinerator	Z	对得上	0.92	0.078	中	279	0.30–2.00s	0.30–2.00s		对得上	0.0004	精灵图 多发射器(17)	
BulletImpact_Flamethrower_HandFlamer	Z	对得上	0.95	0.050	中	240	0.30–1.50s	0.30–1.50s		对得上	0.0004	精灵图 多发射器(10)	
BulletImpact_Kroot_RepeaterCannon	Z	对得上	1.00	0.000	中	296	0.30–0.30s	0.30–0.30s		只有原版有	0.0000	精灵图 多发射器(13)	
BulletImpact_Psychophage	Z	对得上	1.00	0.000	中	391	0.15–1.50s	0.15–1.50s		对得上	0.0011	精灵图 多发射器(11) 抓屏扭曲	
BulletImpact_Screamer-Killer	Z	对得上	0.71	0.336	中	272	0.15–1.00s	0.15–1.00s		偏暗	0.0017	精灵图 多发射器(12) 抓屏扭曲	
BulletImpact_Sonic Weapon 1 Dual Pistol	Z	对得上	1.19	0.172	中	255	0.75–1.50s	0.75–1.50s		偏亮	0.0019	Mesh粒子 精灵图 多发射器(50) 抓屏扭曲	
BulletImpact_Sonic Weapon 1 Dual Pistol OLD	Z	对得上	1.12	0.118	中	322	0.75–1.50s	0.75–1.50s		对得上	0.0015	Mesh粒子 精灵图 多发射器(50) 抓屏扭曲	
BulletImpact_Sonic Weapon 2 variant	Z	对得上	1.25	0.220	中	285	0.75–1.50s	0.75–1.50s		对得上	0.0025	Mesh粒子 精灵图 多发射器(25) 抓屏扭曲	
BulletImpact_Spore Launch	Z	对得上	0.73	0.319	中	271	0.15–0.75s	0.15–0.75s		对得上	0.0011	Mesh粒子 精灵图 多发射器(19) Matcap/抓屏扭曲	
BulletImpact_Spore Launch 1	Z	对得上	0.91	0.090	中	271	0.15–0.75s	0.15–0.75s		对得上	0.0011	Mesh粒子 精灵图 多发射器(19) Matcap/抓屏扭曲	
BulletImpact_Tau_Missile 10x	Z	对得上	1.39	0.327	中	405	0.15–1.50s	0.15–1.50s		偏亮	0.0034	Mesh粒子 精灵图 多发射器(21) Matcap/抓屏扭曲/拖尾	
BulletImpact_Tau_Plasma Cannon	Z	对得上	0.72	0.332	中	306	0.15–1.00s	0.15–1.00s		对得上	0.0002	精灵图 多发射器(31) 抓屏扭曲	
BulletImpact_Thunderfire	Z	对得上	0.94	0.058	中	242	0.15–0.50s	0.15–0.50s		两边都空	0.0000	Mesh粒子 精灵图 多发射器(17) Matcap/抓屏扭曲	
BulletImpact_Tyranid_Small_Dual	Z	对得上	0.99	0.010	中	204	0.15–0.15s	0.15–0.15s		两边都空	0.0000	精灵图 多发射器(26) 拖尾	
CamouflageEffect New	Z	对得上	0.99	0.015	中	406	0.30–3.00s	0.30–3.00s		偏暗	0.0005	精灵图 5发射器 Sprite	
ConcussiveEffect	Z	对得上	0.99	0.006	中	456	0.15–0.15s	0.15–0.15s		只有导出有	0.0031	Mesh粒子 精灵图 7发射器 Sprite	
CreateCard EC	Z	对得上	0.96	0.043	中	330	0.15–2.00s	0.15–2.00s		对得上	0.0029	精灵图 多发射器(11)	
CreateCard Necron	Z	对得上	1.00	0.000	中	466	0.15–2.00s	0.15–2.00s		对得上	0.0035	Mesh粒子 精灵图 多发射器(11)	
Cryptek_Stun	Z	对得上	1.00	0.000	中	499	0.15–1.00s	0.15–1.00s		对得上	0.0000	精灵图 4发射器	
Cut Axe SW	Z	对得上	1.01	0.013	中	243	0.15–0.30s	0.15–0.30s		两边都空	0.0000	精灵图 7发射器	
Cuts Brutal_Warp Spider	Z	对得上	1.00	0.000	中	321	0.50–2.00s	0.50–2.00s		对得上	0.0015	精灵图 6发射器	
Default Tap Floor	Z	对得上	1.00	0.000	中	326	0.15–0.75s	0.15–0.75s		两边都空	0.0000	精灵图 3发射器	
EC_Target_user	Z	对得上	0.93	0.078	中	332	0.15–2.00s	0.15–2.00s		偏暗	0.0004	Mesh粒子 精灵图 多发射器(13) Sprite/抓屏扭曲	
EC_Target_user Lucius	Z	对得上	0.95	0.056	中	331	0.15–2.00s	0.15–2.00s		偏暗	0.0004	Mesh粒子 精灵图 多发射器(13) Sprite/抓屏扭曲	
EcstasyEffect	Z	对得上	0.98	0.018	中	427	0.15–0.75s	0.15–0.75s		两边都空	0.0000	Mesh粒子 精灵图 多发射器(11) Sprite	
Emperors Children Scenario Bombardment	Z	对得上	0.92	0.080	中	268	1.00–3.00s	1.00–3.00s		对得上	0.0028	精灵图 多发射器(10)	
Environmental Condition Astra Militarum Planetary Invasion	Z	对得上	0.83	0.181	中	344	0.15–3.00s	0.15–3.00s		偏亮	0.0009	Mesh粒子 精灵图 多发射器(73) Matcap/抓屏扭曲/拖尾	
Environmental Condition GSC Mining Tremors	Z	对得上	0.79	0.234	中	362	0.50–3.00s	0.75–3.00s		对得上	0.0002	Mesh粒子 精灵图 多发射器(55) Matcap	
Environmental Condition GSC Sump Overspill	Z	对得上	1.02	0.017	中	442	0.30–3.00s	0.30–3.00s		对得上	0.0002	精灵图 多发射器(75) 抓屏扭曲	
Environmental Condition GSC Sump Overspill OLD	Z	对得上	1.00	0.000	中	213	0.50–3.00s	0.50–3.00s		对得上	0.0000	精灵图 多发射器(42)	
Environmental Condition Necrons Earthquake	Z	对得上	0.91	0.089	中	389	0.15–3.00s	0.15–3.00s		对得上	0.0013	Mesh粒子 精灵图 多发射器(57) Matcap/Sprite	
EnvironmentalCondition Sororitas Disrupted Ceremony	Z	对得上	0.89	0.111	中	222	0.15–3.00s	0.15–3.00s		对得上	0.0003	Mesh粒子 精灵图 多发射器(58) Matcap/场景烘焙	
EnvironmentalCondition Sororitas Shrine Bombardment	Z	对得上	0.76	0.274	中	210	0.15–3.00s	0.15–3.00s		偏暗	0.0004	Mesh粒子 精灵图 多发射器(59) Matcap/Sprite	
Explosion Hand UI 0,5s delay	Z	对得上	0.99	0.010	中	342	0.75–1.50s	0.75–1.50s		对得上	0.0003	精灵图 多发射器(9)	
FastEffect	Z	对得上	1.06	0.061	中	363	0.15–2.00s	0.15–2.00s		对得上	0.0014	Mesh粒子 精灵图 多发射器(9) Sprite	
FlamethrowerSweepAttack_1	Z	对得上	0.98	0.025	中	383	0.75–3.00s	0.75–3.00s		对得上	0.0007	精灵图 4发射器	
FlamethrowerSweepAttack_sororitas	Z	对得上	0.96	0.043	中	380	0.15–3.00s	0.30–3.00s		对得上	0.0009	精灵图 多发射器(12)	
GSC RecallToHand	Z	对得上	1.00	0.000	中	482	0.15–1.00s	0.15–1.00s		对得上	0.0001	精灵图 5发射器	
GSC Sabotage Use	Z	对得上	0.98	0.022	中	497	0.15–0.75s	0.15–0.75s		两边都空	0.0000	精灵图 5发射器	
Gain_Sentry	Z	对得上	0.98	0.017	中	456	0.15–1.00s	0.15–1.00s		两边都空	0.0000	Mesh粒子 精灵图 多发射器(9)	
Generic Tap Material	Z	对得上	1.00	0.000	中	200	0.15–0.75s	0.15–0.75s		对得上	0.0004	精灵图 2发射器	
GreenSummonCircle	Z	对得上	0.91	0.089	中	329	0.15–2.00s	0.15–2.00s		对得上	0.0005	Mesh粒子 精灵图 7发射器	
Hammer_Slam_SW	Z	对得上	0.74	0.306	中	242	0.15–0.75s	0.15–2.00s	导出多播到 2.00s	对得上	0.0006	Mesh粒子 精灵图 多发射器(18) 抓屏扭曲	
Healing_Projectile	Z	对得上	0.74	0.296	中	284	0.15–1.50s	0.15–1.50s		对得上	0.0001	精灵图 多发射器(11)	
Healing_Projectile_Frost	Z	对得上	0.74	0.298	中	278	0.15–1.50s	0.15–1.00s	导出提前 1.50s 结束	对得上	0.0002	精灵图 多发射器(12)	
Healing_Projectile_Green	Z	对得上	0.73	0.316	中	271	0.15–1.50s	0.15–1.00s	导出提前 1.50s 结束	对得上	0.0001	精灵图 多发射器(11)	
Healing_Projectile_Ork	Z	对得上	0.75	0.290	中	214	0.15–1.00s	0.15–0.75s	导出提前 1.00s 结束	对得上	0.0001	精灵图 多发射器(13)	
Helfire Burst Target	Z	对得上	1.00	0.000	中	399	0.75–1.50s	0.75–1.50s		对得上	0.0012	精灵图 多发射器(9)	
Helspear_Assault_Buff	Z	对得上	1.00	0.000	中	262	0.30–1.50s	0.30–1.50s		对得上	0.0012	Mesh粒子 精灵图 多发射器(13)	
HuntMark_EndEffect	Z	对得上	1.00	0.000	中	233	0.15–1.50s	0.15–1.50s		对得上	0.0005	精灵图 多发射器(8) Sprite	
HuntMark_IdleEffect	Z	对得上	0.99	0.013	中	208	0.50–3.00s	0.50–3.00s		对得上	0.0003	精灵图 多发射器(10) Sprite/UI/文字	
Immortal Beam	Z	对得上	0.89	0.115	中	284	0.15–1.00s	0.15–1.00s		偏暗	0.0003	精灵图 多发射器(9)	
Impact_blunt_lightning	Z	对得上	1.00	0.000	中	282	0.15–0.50s	0.15–0.50s		偏亮	0.0000	精灵图 多发射器(9) 抓屏扭曲	
Impact_blunt_lightning_Big	Z	对得上	1.00	0.000	中	408	0.15–0.50s	0.15–0.50s		偏暗	0.0000	精灵图 多发射器(10) 抓屏扭曲	
Impact_blunt_lightning_Big_Recoil	Z	对得上	1.00	0.000	中	408	0.15–0.50s	0.15–0.50s		偏亮	0.0000	精灵图 多发射器(10) 抓屏扭曲	
Infinity Circuit	Z	对得上	0.99	0.006	中	348	3.00–3.00s	3.00–3.00s		对得上	0.0004	精灵图 5发射器	
InvulnerableEffectGSC	Z	对得上	1.00	0.003	中	216	0.15–1.50s	0.15–1.50s		对得上	0.0006	精灵图 7发射器 Sprite	
InvulnerableEffectGuard	Z	对得上	1.00	0.000	中	234	0.15–2.00s	0.15–2.00s		偏暗	0.0002	精灵图 6发射器 Sprite	
InvulnerableEffectTau	Z	对得上	1.00	0.000	中	228	0.15–1.50s	0.15–2.00s	导出多播到 2.00s	对得上	0.0005	精灵图 6发射器 Sprite	
InvulnerableEffectTyranid	Z	对得上	0.99	0.012	中	227	0.15–2.00s	0.15–2.00s		对得上	0.0004	精灵图 6发射器 Sprite	
Jammed Communications damage	Z	对得上	0.98	0.022	中	266	0.15–1.00s	0.15–1.00s		偏亮	0.0002	精灵图 多发射器(8) 抓屏扭曲	
MarkOfTzeentch_enchantment	Z	对得上	0.91	0.091	中	407	2.00–3.00s	2.00–3.00s		偏亮	0.0003	精灵图 2发射器	
MarkerlightIdle	Z	对得上	0.92	0.087	中	217	0.15–3.00s	0.15–3.00s		对得上	0.0003	精灵图 多发射器(15) UI/文字	
MarkerlightSource	Z	对得上	1.00	0.000	中	317	0.15–1.00s	0.15–1.00s		对得上	0.0000	精灵图 多发射器(8) Sprite	
MobEffect	Z	对得上	1.03	0.032	中	375	0.30–1.00s	0.30–1.00s		偏暗	0.0003	Mesh粒子 精灵图 7发射器 Sprite	
Offensive_Thunderstorm Target	Z	对得上	0.74	0.302	中	292	0.15–0.15s	0.15–0.15s		偏亮	0.0000	精灵图 多发射器(12)	
OrkBuff_KrumpDaGitz	Z	对得上	1.13	0.126	中	498	0.15–2.00s	0.15–2.00s		对得上	0.0020	Mesh粒子 精灵图 多发射器(16) Sprite	
OrkBuff_Snakebitez_1	Z	对得上	0.99	0.009	中	405	0.15–0.75s	0.15–0.75s		偏暗	0.0003	Mesh粒子 精灵图 7发射器 Sprite	
OrkBuff_Snakebitez_1_2D_SFX	Z	对得上	0.99	0.009	中	405	0.15–0.75s	0.15–0.75s		对得上	0.0003	Mesh粒子 精灵图 7发射器 Sprite	
OrkBuff_Snakebitez_1_NoIcon	Z	对得上	0.97	0.026	中	339	0.15–0.75s	0.15–0.75s		偏暗	0.0002	Mesh粒子 精灵图 6发射器 Sprite	
OrkBuff_Snakebitez_2	Z	对得上	1.40	0.335	中	413	0.15–1.00s	0.15–1.00s		对得上	0.0002	精灵图 多发射器(10)	
PinDownEffect	Z	对得上	1.16	0.150	中	312	0.15–3.00s	0.15–3.00s		偏暗	0.0005	Mesh粒子 精灵图 6发射器 Sprite	
Pray_Exit	Z	对得上	0.82	0.202	中	253	0.15–2.00s	0.15–2.00s		偏亮	0.0023	精灵图 多发射器(8)	
Pray_Idle	Z	对得上	0.90	0.110	中	426	0.15–3.00s	0.15–3.00s		对得上	0.0028	精灵图 5发射器	
Pray_Start	Z	对得上	0.94	0.057	中	204	0.15–1.50s	0.15–1.50s		对得上	0.0004	精灵图 多发射器(9)	
Pray_Success	Z	对得上	0.87	0.142	中	339	0.15–2.00s	0.15–2.00s		对得上	0.0003	精灵图 多发射器(14)	
Protocol Base	Z	对得上	1.00	0.000	中	213	1.50–2.00s	1.50–2.00s		对得上	0.0001	Mesh粒子 精灵图 6发射器	
Psychic_Lightning_Genestealer	Z	对得上	0.91	0.089	中	200	0.30–1.00s	0.30–1.00s		对得上	0.0001	精灵图 多发射器(13) 抓屏扭曲	
Psychic_Lightning_Genestealer_Benefictus	Z	对得上	0.77	0.268	中	253	0.15–1.00s	0.15–1.00s		对得上	0.0009	精灵图 多发射器(14) 抓屏扭曲	
RallyEffect	Z	对得上	1.02	0.015	中	225	0.15–0.75s	0.15–0.75s		两边都空	0.0000	Mesh粒子 精灵图 6发射器 Sprite	
Rapturous Ruination Board	Z	对得上	0.88	0.130	中	224	0.30–2.00s	0.30–2.00s		偏暗	0.0043	Mesh粒子 精灵图 多发射器(15) Matcap/抓屏扭曲	
RemnantBody3D Necrons	Z	对得上	1.00	0.002	中	377	0.15–3.00s	0.15–3.00s		对得上	0.0022	Mesh粒子 精灵图 多发射器(16) Sprite	
Sau_CurseOfThePhaeron	Z	对得上	0.99	0.007	中	356	0.15–2.00s	0.15–2.00s		对得上	0.0003	精灵图 6发射器	
Sau_DamageProtocol_OLD	Z	对得上	0.95	0.047	中	317	0.75–0.75s	0.75–0.75s		对得上	0.0000	Mesh粒子 精灵图 7发射器	
Sau_LordOfTheStorm	Z	对得上	0.92	0.086	中	277	0.15–1.00s	0.15–1.00s		对得上	0.0001	精灵图 多发射器(13)	
Sau_MethodicalDestruction	Z	对得上	1.00	0.000	中	433	1.50–3.00s	1.50–3.00s		对得上	0.0001	Mesh粒子 精灵图 多发射器(16) Matcap/抓屏扭曲	
Sau_ReconstitutionProtocol	Z	对得上	1.00	0.000	中	335	3.00–3.00s	3.00–3.00s		只有导出有	0.0001	Mesh粒子 精灵图 多发射器(10)	
ScytheAssault	Z	对得上	0.88	0.128	中	290	0.15–1.00s	0.15–1.00s		对得上	0.0014	精灵图 多发射器(25)	
SlayEffect	Z	对得上	1.08	0.074	中	490	0.30–1.00s	0.30–1.00s		对得上	0.0005	精灵图 多发射器(9) Sprite	
Smoke_Explosion	Z	对得上	1.00	0.000	中	462	0.15–1.00s	0.15–1.00s		只有原版有	0.0031	精灵图 5发射器	
Sororitas_BladeOfFaith	Z	对得上	1.00	0.000	中	220	0.15–0.50s	0.15–0.50s		两边都空	0.0000	精灵图 多发射器(21) 抓屏扭曲	
Sororitas_Destroy_Flames	Z	对得上	0.96	0.041	中	450	0.30–3.00s	0.30–3.00s		对得上	0.0003	精灵图 多发射器(16) 抓屏扭曲	
Sororitas_Divine Intervention_Target	Z	对得上	1.00	0.000	中	339	0.15–3.00s	0.15–3.00s		对得上	0.0009	精灵图 多发射器(16) 抓屏扭曲	
Squig_Explosion	Z	对得上	1.00	0.000	中	379	0.15–1.50s	0.15–1.50s		偏暗	0.0003	精灵图 多发射器(9)	
StimulateEffect	Z	对得上	0.99	0.012	中	245	0.30–2.00s	0.30–2.00s		偏暗	0.0009	精灵图 多发射器(9) Sprite	
Swarm Card Merge VFX	Z	对得上	1.00	0.001	中	443	0.15–3.00s	0.15–3.00s		只有原版有	0.0005	精灵图 3发射器	
Sword_10x_EC	Z	对得上	0.98	0.016	中	282	0.50–3.00s	0.50–3.00s		对得上	0.0017	Mesh粒子 精灵图 多发射器(21) 抓屏扭曲	
Sword_Slash_DA	Z	对得上	0.99	0.014	中	436	0.15–0.30s	0.15–0.30s		对得上	0.0000	Mesh粒子 精灵图 多发射器(10) 抓屏扭曲	
SynapseEffect_NoIcon	Z	对得上	1.00	0.000	中	312	0.15–1.50s	0.15–1.50s		对得上	0.0010	精灵图 多发射器(11) Sprite/抓屏扭曲	
Tap Blue Glow Blink	Z	对得上	0.78	0.251	中	202	0.15–0.30s	0.15–0.30s		两边都空	0.0000	精灵图 2发射器	
Tap Rock	Z	对得上	1.00	0.000	中	333	0.15–0.75s	0.15–0.75s		只有导出有	0.0001	精灵图 3发射器	
Tau_SummonCircle	Z	对得上	0.99	0.009	中	458	0.15–0.75s	0.15–0.75s		对得上	0.0000	精灵图 多发射器(9)	
Teleport Trait Summon	Z	对得上	1.03	0.027	中	411	0.15–2.00s	0.15–2.00s		对得上	0.0009	精灵图 多发射器(11)	
Trait_GainQuest	Z	对得上	1.13	0.125	中	221	1.00–1.00s	1.00–1.50s	导出多播到 1.50s	偏暗	0.0009	精灵图 多发射器(8) Sprite	
UM_AvengingSon	Z	对得上	1.00	0.003	中	330	1.50–2.00s	1.50–2.00s		两边都空	0.0000	Mesh粒子 精灵图 多发射器(10)	
UM_MasterOfArcanaEffect	Z	对得上	1.23	0.210	中	221	0.30–0.50s	0.30–0.50s		偏暗	0.0001	Mesh粒子 精灵图 多发射器(16) Sprite	
Unit Freezing	Z	对得上	0.93	0.069	中	495	0.50–3.00s	0.50–3.00s		偏暗	0.0018	精灵图 7发射器 Sprite	
UnstableEffect	Z	对得上	1.01	0.006	中	353	0.15–2.00s	0.15–2.00s		对得上	0.0012	精灵图 多发射器(19) Sprite/抓屏扭曲	
UnstableEffect_ExplosionExtra	Z	对得上	0.98	0.017	中	327	0.15–1.00s	0.15–1.00s		只有导出有	0.0000	精灵图 多发射器(11) 抓屏扭曲	
UnstableEffect_WaaaghEnergy	Z	对得上	0.97	0.031	中	336	0.15–2.00s	0.15–2.00s		对得上	0.0009	Mesh粒子 精灵图 多发射器(19) Matcap/Sprite/抓屏扭曲	
Vortex Explosion Massive	Z	对得上	1.00	0.000	中	288	1.50–3.00s	1.50–3.00s		只有原版有	0.0020	Mesh粒子 精灵图 多发射器(21) Matcap/抓屏扭曲	
Vortex Warhead Impact	Z	对得上	0.92	0.082	中	415	0.15–0.30s	0.15–0.30s		两边都空	0.0000	Mesh粒子 精灵图 多发射器(13) Matcap/抓屏扭曲	
VulnerableEffectEnd	Z	对得上	1.06	0.058	中	481	0.15–2.00s	0.15–2.00s		对得上	0.0004	精灵图 2发射器 Sprite	
WhileInPlay_Nurgle	Z	对得上	1.00	0.000	中	339	0.50–3.00s	0.50–3.00s		对得上	0.0005	精灵图 7发射器	
Acid Rain Damage Target	Z	对得上	1.00	0.000	低	147	1.50–1.50s	1.50–1.50s		对得上	0.0001	精灵图 多发射器(9)	
Arco-Flagellant Strike	Z	对得上	0.93	0.071	低	111	0.15–0.15s	0.15–0.15s		偏亮	0.0001	精灵图 多发射器(8)	
Artillery Manticore down 1x	Z	对得上	0.95	0.051	低	66	0.50–0.50s	0.50–0.50s		两边都空	0.0000	Mesh粒子 精灵图 多发射器(14) Matcap/抓屏扭曲	
Artillery Manticore down 4x	Z	对得上	0.96	0.045	低	182	0.50–0.75s	0.50–0.75s		两边都空	0.0000	Mesh粒子 精灵图 多发射器(56) Matcap/抓屏扭曲	
Artillery Manticore up 2x	Z	对得上	0.93	0.071	低	155	0.30–0.50s	0.30–0.50s		对得上	0.0006	Mesh粒子 精灵图 多发射器(48) Matcap/抓屏扭曲	
Backstab Dagger Intense	Z	对得上	1.00	0.000	低	70	0.75–1.00s	0.75–1.00s		偏亮	0.0001	Mesh粒子 精灵图 多发射器(12) Matcap/抓屏扭曲	
Basic_army_UM_Pre-Effect	Z	对得上	0.92	0.082	低	125	0.50–1.00s	0.50–1.00s		对得上	0.0006	精灵图 6发射器	
BlackCrusade_Battleground	Z	对得上	0.96	0.038	低	162	0.50–3.00s	0.50–3.00s		对得上	0.0001	Mesh粒子 精灵图 多发射器(11) Matcap/抓屏扭曲	
BlackCrusade_Battleground repeat	Z	对得上	0.95	0.047	低	154	0.30–3.00s	0.30–3.00s		对得上	0.0000	Mesh粒子 精灵图 多发射器(12) Matcap/抓屏扭曲	
BlastEffect	Z	对得上	1.00	0.000	低	173	0.15–0.75s	0.15–0.75s		只有导出有	0.0134	Mesh粒子 精灵图 多发射器(8) Sprite	
Blast_Plasma_Sentinel_twinlink	Z	对得上	0.88	0.130	低	70	0.50–1.00s	0.50–1.00s		对得上	0.0002	精灵图 多发射器(49) 抓屏扭曲	
BolterSweep	Z	对得上	1.00	0.000	低	197	0.15–2.00s	0.15–2.00s		对得上	0.0006	Mesh粒子 精灵图 多发射器(12) Matcap	
Buff_SW_Lightning	Z	对得上	1.00	0.000	低	109	0.50–2.00s	0.50–2.00s		对得上	0.0001	Mesh粒子 精灵图 多发射器(12) Matcap	
Buff_SW_Rune_Blizzard	Z	对得上	0.99	0.013	低	94	0.50–2.00s	0.50–2.00s		对得上	0.0004	精灵图 多发射器(9)	
Buff_SW_Rune_Tornado	Z	对得上	1.00	0.000	低	76	0.50–2.00s	0.50–2.00s		对得上	0.0004	精灵图 多发射器(9)	
BulletImpact_2shot_autocannon	Z	对得上	1.02	0.020	低	97	0.15–0.15s	0.15–0.15s		对得上	0.0001	Mesh粒子 精灵图 多发射器(30) Matcap	
BulletImpact_2shot_trail_ork_NEW	Z	对得上	1.00	0.000	低	89	0.15–0.75s	0.15–0.75s		对得上	0.0001	Mesh粒子 精灵图 多发射器(23) Matcap	
BulletImpact_4shot_trail_twinlink	Z	对得上	1.00	0.000	低	120	0.50–0.50s	0.50–0.50s		对得上	0.0001	Mesh粒子 精灵图 多发射器(32) Matcap	
BulletImpact_6shot_autocannon_EC	Z	对得上	1.00	0.000	低	73	0.15–0.30s	0.15–0.30s		对得上	0.0002	Mesh粒子 精灵图 多发射器(38) Matcap	
BulletImpact_9shot_trail_EC	Z	对得上	1.00	0.000	低	157	0.15–1.00s	0.15–1.00s		对得上	0.0005	Mesh粒子 精灵图 多发射器(20) Matcap/拖尾	
BulletImpact_9shot_trail_EC_twinlink	Z	对得上	1.00	0.000	低	67	0.75–0.75s	0.75–0.75s		对得上	0.0002	Mesh粒子 精灵图 多发射器(40) Matcap	
BulletImpact_9shot_trail_chaos	Z	对得上	0.98	0.024	低	73	0.15–0.75s	0.15–0.75s		对得上	0.0001	Mesh粒子 精灵图 多发射器(20) Matcap/拖尾	
BulletImpact_DCannon_twinlink	Z	对得上	1.01	0.010	低	81	1.50–2.00s	1.50–2.00s		对得上	0.0015	精灵图 多发射器(40)	
BulletImpact_DeathSpinner	Z	对得上	1.00	0.000	低	147	0.15–0.75s	0.15–0.75s		两边都空	0.0000	精灵图 多发射器(11)	
BulletImpact_DeathSpinner_spider	Z	对得上	0.97	0.027	低	79	0.15–0.50s	0.15–0.50s		两边都空	0.0000	精灵图 多发射器(13) UI/文字	
BulletImpact_DeathSpinner_spider_twinlink	Z	对得上	0.96	0.041	低	164	0.15–0.50s	0.15–0.50s		两边都空	0.0000	精灵图 多发射器(26) UI/文字	
BulletImpact_DesolationMissile_AOE	Z	对得上	0.91	0.091	低	70	0.50–1.00s	0.75–1.00s		对得上	0.0003	Mesh粒子 精灵图 多发射器(46) Matcap	
BulletImpact_GrenadeLauncher	Z	对得上	1.00	0.000	低	114	0.15–0.75s	0.15–0.75s		两边都空	0.0000	Mesh粒子 精灵图 多发射器(19) Matcap	
BulletImpact_Grenade_ThumpGun	Z	对得上	1.00	0.000	低	96	0.15–0.75s	0.15–0.75s		两边都空	0.0000	Mesh粒子 精灵图 多发射器(20) Matcap	
BulletImpact_GrenadierGauntlet	Z	对得上	1.00	0.000	低	187	0.15–0.75s	0.15–0.75s		两边都空	0.0000	Mesh粒子 精灵图 多发射器(14) Matcap/抓屏扭曲	
BulletImpact_Lascannon_twinlink_dread	Z	对得上	1.00	0.000	低	116	1.50–1.50s	1.50–1.50s		对得上	0.0019	精灵图 多发射器(38)	
BulletImpact_Ork Snakebite Squig Hook	Z	对得上	0.99	0.011	低	168	0.15–0.75s	0.15–0.75s		两边都空	0.0000	Mesh粒子 精灵图 多发射器(22) Matcap	
BulletImpact_RandomShitGo	Z	对得上	1.03	0.033	低	64	1.50–1.50s	1.50–1.50s		对得上	0.0002	Mesh粒子 精灵图 多发射器(58) Matcap/抓屏扭曲	
BulletImpact_Rippergun	Z	对得上	1.00	0.000	低	71	0.30–0.30s	0.30–0.30s		两边都空	0.0000	Mesh粒子 精灵图 多发射器(15) Matcap	
BulletImpact_Saboteur_DetonatorOnly	Z	对得上	1.00	0.000	低	110	0.30–1.50s	0.30–1.50s		对得上	0.0000	精灵图 4发射器 Matcap	
BulletImpact_Shuriken_Long_twinlink	Z	对得上	1.00	0.000	低	62	1.00–1.00s	1.00–1.00s		只有原版有	0.0000	精灵图 多发射器(30)	
BulletImpact_Sonic Weapon 2	Z	对得上	1.07	0.065	低	185	0.75–1.50s	0.75–1.50s		偏亮	0.0014	Mesh粒子 精灵图 多发射器(25) 抓屏扭曲	
BulletImpact_Sonic Weapon 2 Pistol	Z	对得上	0.99	0.014	低	137	0.50–0.75s	0.30–0.75s		偏亮	0.0003	Mesh粒子 精灵图 多发射器(27) 抓屏扭曲	
BulletImpact_Sonic Weapon 2 Twinlink	Z	对得上	1.02	0.021	低	124	0.75–1.50s	0.75–1.50s		偏亮	0.0009	Mesh粒子 精灵图 多发射器(38) 抓屏扭曲	
BulletImpact_Tau_Missile 3x	Z	对得上	0.97	0.026	低	174	0.15–1.00s	0.15–1.00s		偏亮	0.0009	Mesh粒子 精灵图 多发射器(21) Matcap/抓屏扭曲/拖尾	
BulletImpact_Tyranid_Barblauncher	Z	对得上	1.00	0.000	低	124	0.15–0.15s	0.15–0.15s		两边都空	0.0000	Mesh粒子 精灵图 多发射器(11) Matcap/拖尾	
BulletImpact_Tyranid_Big	Z	对得上	1.00	0.000	低	108	0.15–0.75s	0.15–0.75s		两边都空	0.0000	精灵图 多发射器(13) 拖尾	
BulletImpact_Tyranid_Cannon	Z	对得上	1.00	0.000	低	197	0.75–0.75s	0.75–0.75s		对得上	0.0000	Mesh粒子 精灵图 多发射器(17) 抓屏扭曲/拖尾	
BulletImpact_Tyranid_Small	Z	对得上	1.00	0.000	低	118	0.15–0.15s	0.15–0.15s		两边都空	0.0000	精灵图 多发射器(13) 拖尾	
BulletImpact_Tyranid_Stranglethorn_Dual	Z	对得上	1.00	0.000	低	128	0.50–0.50s	0.50–0.50s		两边都空	0.0000	Mesh粒子 精灵图 多发射器(28) 拖尾	
BulletImpact_ValkyrieMissile	Z	对得上	1.00	0.000	低	62	0.15–0.50s	0.15–0.50s		对得上	0.0002	Mesh粒子 精灵图 多发射器(20) Matcap/抓屏扭曲	
BulletImpact_Webber	Z	对得上	1.00	0.000	低	68	0.30–0.30s	0.30–0.30s		两边都空	0.0000	精灵图 多发射器(12)	
BulletImpact_artillery_arc	Z	对得上	0.96	0.043	低	77	0.15–0.50s	0.15–0.50s		两边都空	0.0000	Mesh粒子 精灵图 多发射器(21) Matcap/抓屏扭曲	
BulletImpact_artillery_manticore_spread	Z	对得上	1.00	0.000	低	158	0.15–0.75s	0.15–0.75s		两边都空	0.0000	Mesh粒子 精灵图 多发射器(25) Matcap/抓屏扭曲	
BulletImpact_autocannon	Z	对得上	1.00	0.000	低	66	0.75–0.75s	0.75–0.75s		对得上	0.0000	Mesh粒子 精灵图 多发射器(15) Matcap	
BulletImpact_autogun_Shotgun	Z	对得上	0.97	0.029	低	83	0.30–0.75s	0.30–0.75s		两边都空	0.0000	精灵图 多发射器(16)	
BulletImpact_gatling_1s	Z	对得上	0.98	0.024	低	60	1.00–1.00s	1.00–1.00s		对得上	0.0001	Mesh粒子 精灵图 多发射器(15) Matcap	
CoordinatedEngagement	Z	对得上	0.96	0.041	低	142	0.15–1.50s	0.15–1.50s		对得上	0.0004	精灵图 多发射器(23) Sprite/抓屏扭曲	
CreateCard	Z	对得上	0.97	0.033	低	84	1.50–1.50s	1.50–1.50s		对得上	0.0006	精灵图 多发射器(14)	
CreateCard BlackLegion	Z	对得上	0.99	0.009	低	74	1.50–1.50s	1.50–1.50s		对得上	0.0006	精灵图 多发射器(14)	
CreateCard DA	Z	对得上	1.39	0.330	低	111	0.75–2.00s	0.50–2.00s		偏亮	0.0004	精灵图 多发射器(12) 拖尾	
CreateCard_Tau	Z	对得上	1.00	0.000	低	157	0.50–1.50s	0.50–1.50s		对得上	0.0003	精灵图 多发射器(13)	
Cut EC	Z	对得上	1.00	0.000	低	68	0.15–0.15s	0.15–0.15s		两边都空	0.0000	精灵图 6发射器	
Cut EC 3x	Z	对得上	0.99	0.008	低	69	0.15–0.30s	0.15–0.30s		两边都空	0.0000	精灵图 多发射器(12)	
Cut EC Reverse	Z	对得上	1.00	0.000	低	68	0.15–0.15s	0.15–0.15s		两边都空	0.0000	精灵图 6发射器	
Cut EC sword 7x warlord	Z	对得上	0.98	0.017	低	103	0.15–2.00s	0.15–2.00s		两边都空	0.0000	精灵图 多发射器(24)	
Cut Wulfen SW	Z	对得上	1.01	0.013	低	163	0.15–0.15s	0.15–0.15s		两边都空	0.0000	精灵图 多发射器(8)	
Cut Wulfen SW Double	Z	对得上	1.01	0.007	低	176	0.15–0.50s	0.15–0.50s		两边都空	0.0000	精灵图 多发射器(20)	
Cut Wulfen SW Reverse	Z	对得上	1.01	0.013	低	144	0.15–0.15s	0.15–0.15s		两边都空	0.0000	精灵图 多发射器(8)	
Cuts Brutal	Z	对得上	0.94	0.066	低	195	0.15–1.00s	0.15–1.00s		偏暗	0.0004	精灵图 7发射器	
Death Cult Strike	Z	对得上	0.92	0.085	低	93	0.15–0.15s	0.15–0.15s		两边都空	0.0000	精灵图 6发射器	
EC Sword Cut Board DMC Style	Z	对得上	0.92	0.086	低	161	1.50–3.00s	1.50–3.00s		对得上	0.0012	精灵图 1发射器 拖尾	
Earthquake Rockfall Board	Z	对得上	1.00	0.000	低	68	0.75–1.00s	0.75–1.00s		对得上	0.0008	Mesh粒子 精灵图 多发射器(9) Matcap	
Earthquake Rockfall Target	Z	对得上	1.00	0.000	低	119	0.15–1.00s	0.15–1.00s		对得上	0.0002	Mesh粒子 精灵图 多发射器(8) Matcap	
Environmental Condition Black Legion Daemonic Feast	Z	对得上	1.00	0.000	低	161	3.00–3.00s	3.00–3.00s		偏亮	0.0001	Mesh粒子 精灵图 多发射器(71) 抓屏扭曲	
Environmental Condition GSC Toxic Fumes	Z	对得上	1.00	0.000	低	154	1.50–3.00s	1.50–3.00s		对得上	0.0000	精灵图 多发射器(29)	
EnvironmentalCondition Saim Hann Blackout	Z	对得上	0.80	0.227	低	95	2.00–2.00s	2.00–2.00s		对得上	0.0000	精灵图 多发射器(70)	
EnvironmentalCondition Tau Electro-Static Interference	Z	对得上	1.00	0.000	低	183	0.15–3.00s	0.15–3.00s		只有原版有	0.0008	Mesh粒子 精灵图 多发射器(38) 抓屏扭曲	
EnvironmentalCondition Tau Radiation Storm	Z	对得上	0.97	0.026	低	188	0.15–3.00s	0.15–3.00s		对得上	0.0006	精灵图 多发射器(46) 抓屏扭曲	
EnvironmentalCondition Ultramarines Aerial Clash	Z	对得上	1.00	0.000	低	92	3.00–3.00s	3.00–3.00s		对得上	0.0000	Mesh粒子 精灵图 多发射器(63) Matcap/场景烘焙	
Factory Overdrive Damage	Z	对得上	1.01	0.010	低	139	0.15–0.30s	0.15–0.30s		两边都空	0.0000	Mesh粒子 精灵图 多发射器(10) Sprite	
FeedingFrenzy	Z	对得上	1.00	0.000	低	170	0.15–1.50s	0.15–1.50s		对得上	0.0013	精灵图 多发射器(11)	
Forewarned_Board	Z	对得上	0.96	0.043	低	67	1.50–1.50s	1.50–1.50s		偏亮	0.0002	精灵图 3发射器	
Goff_UnbridledCarnageEffect	Z	对得上	1.00	0.000	低	123	0.15–0.30s	0.15–0.30s		两边都空	0.0000	精灵图 多发射器(10)	
Goff_Waaagh	Z	对得上	0.87	0.143	低	156	0.15–1.50s	0.15–1.50s		偏亮	0.0003	精灵图 6发射器	
Goff_WaaaghRed	Z	对得上	1.00	0.000	低	108	0.30–0.75s	0.30–0.75s		对得上	0.0002	Mesh粒子 精灵图 6发射器	
Healing_Circles	Z	对得上	1.00	0.000	低	195	0.50–1.00s	0.50–1.00s		偏亮	0.0005	精灵图 4发射器	
HuntMark_DamageEffect	Z	对得上	1.00	0.000	低	169	0.15–2.00s	0.15–2.00s		对得上	0.0004	精灵图 多发射器(35) Sprite/抓屏扭曲	
HuntMark_StartEffect	Z	对得上	0.96	0.040	低	62	1.00–1.00s	1.00–1.00s		对得上	0.0002	精灵图 多发射器(14) Sprite	
HuntMark_User	Z	对得上	0.89	0.118	低	66	0.50–1.00s	0.50–0.50s	导出提前 1.00s 结束	对得上	0.0002	精灵图 5发射器	
MasterOfExecutions	Z	对得上	1.00	0.000	低	90	0.30–0.30s	0.30–0.30s		两边都空	0.0000	精灵图 多发射器(8)	
Necron_Regenerate	Z	对得上	1.00	0.000	低	60	0.75–0.75s	0.75–0.75s		对得上	0.0002	精灵图 多发射器(31) Sprite	
Njal Blizzard Attack	Z	对得上	1.00	0.000	低	151	0.30–1.00s	0.30–1.00s		偏亮	0.0005	Mesh粒子 精灵图 多发射器(21) Matcap	
Oath_Effect	Z	对得上	0.95	0.051	低	170	0.15–1.00s	0.15–0.75s	导出提前 1.00s 结束	偏亮	0.0003	精灵图 多发射器(8) UI/文字	
Offensive_Sweeping_Infestation_Target	Z	对得上	0.99	0.010	低	93	0.15–0.30s	0.15–0.30s		两边都空	0.0000	精灵图 多发射器(10)	
Ork Environmental Condition Spore Clouds	Z	对得上	1.00	0.000	低	122	3.00–3.00s	3.00–3.00s		偏暗	0.0000	Mesh粒子 精灵图 多发射器(50)	
OrkBuff_Snakebitez_1_Quick	Z	对得上	0.98	0.018	低	116	0.30–0.75s	0.30–0.75s		偏暗	0.0001	Mesh粒子 精灵图 6发射器 Sprite	
Plasma_blue_pointblank	Z	对得上	0.99	0.011	低	75	0.30–0.50s	0.30–0.50s		只有原版有	0.0091	精灵图 多发射器(17) 抓屏扭曲	
Plasma_blue_pointblank_double	Z	对得上	0.99	0.005	低	81	0.30–1.00s	0.30–1.00s		偏暗	0.0006	精灵图 多发射器(15) 抓屏扭曲	
Psychic_Lightning_NornEmissary	Z	对得上	0.75	0.288	低	192	0.75–0.75s	0.75–0.75s		两边都空	0.0000	精灵图 多发射器(11) 抓屏扭曲	
Psychic_Lightning_Swarmlord	Z	对得上	0.75	0.293	低	168	0.75–0.75s	0.75–0.75s		对得上	0.0000	精灵图 多发射器(10)	
Psychic_Lightning_Tyranid	Z	对得上	0.75	0.293	低	168	0.75–0.75s	0.75–0.75s		偏亮	0.0005	精灵图 多发射器(10)	
Psychic_Lightning_down_Waaagh_Green	Z	对得上	0.73	0.314	低	80	0.15–0.15s	0.15–1.00s	导出多播到 1.00s	只有导出有	0.0015	精灵图 多发射器(13)	
Recon Scan	Z	对得上	1.00	0.000	低	104	0.75–1.50s	0.75–1.50s		对得上	0.0002	精灵图 多发射器(8) Sprite	
Recon Scan 2	Z	对得上	1.00	0.000	低	108	0.75–1.50s	0.75–1.50s		对得上	0.0002	精灵图 5发射器 Sprite	
Recon Scan Purple	Z	对得上	0.97	0.032	低	106	0.15–1.00s	0.15–1.00s		偏亮	0.0000	精灵图 6发射器 Sprite	
RemnantBody3D Aeldari	Z	对得上	1.00	0.000	低	197	0.15–3.00s	0.15–3.00s		偏亮	0.6669	精灵图 多发射器(21) Sprite/抓屏扭曲/拖尾	
Sau_ParticleWhip	Z	对得上	0.95	0.048	低	144	0.15–1.50s	0.15–1.50s		偏亮	0.0001	Mesh粒子 精灵图 多发射器(16) Matcap/抓屏扭曲	
Scrapcode_aimed_target	Z	对得上	1.00	0.000	低	65	0.30–0.50s	0.30–0.50s		两边都空	0.0000	精灵图 多发射器(10)	
Scream_SW_Ragnar	Z	对得上	0.98	0.016	低	178	0.30–1.50s	0.30–1.50s		对得上	0.0009	Mesh粒子 精灵图 7发射器 Matcap/抓屏扭曲	
Shadow_Projectile	Z	对得上	1.00	0.000	低	176	0.15–0.30s	0.15–0.30s		对得上	0.0000	精灵图 多发射器(12)	
Shadow_Projectile_EC	Z	对得上	1.00	0.000	低	171	0.15–2.00s	0.15–2.00s		对得上	0.0002	精灵图 多发射器(12)	
Shadow_Projectile_GSC_Invulnerable	Z	对得上	0.88	0.134	低	176	0.15–2.00s	0.15–2.00s		对得上	0.0000	精灵图 多发射器(14)	
Shuriken_Short_Trait	Z	对得上	0.99	0.011	低	172	0.15–0.75s	0.15–0.75s		偏亮	0.0014	精灵图 多发射器(14)	
Space Wolves Summon	Z	对得上	0.97	0.031	低	65	1.00–1.00s	1.00–1.50s	导出多播到 1.50s	只有导出有	0.0001	Mesh粒子 精灵图 多发射器(15) Matcap	
Space Wolves Summon Wolves	Z	对得上	0.97	0.031	低	65	1.00–1.00s	1.00–1.50s	导出多播到 1.50s	只有导出有	0.0001	Mesh粒子 精灵图 多发射器(15) Matcap	
Summon_Generic	Z	对得上	1.00	0.004	低	198	0.15–0.75s	0.15–0.75s		两边都空	0.0000	精灵图 5发射器	
Swarm_Trigger_OnTarget	Z	对得上	0.98	0.023	低	157	0.30–1.00s	0.30–1.00s		对得上	0.0004	精灵图 4发射器	
Tap Blue Glow	Z	对得上	0.75	0.285	低	159	0.50–0.75s	0.50–0.75s		两边都空	0.0000	精灵图 2发射器	
Tap Green Glow	Z	对得上	0.73	0.317	低	144	0.50–0.75s	0.50–0.75s		两边都空	0.0000	精灵图 2发射器	
Tap Hit Metal Red	Z	对得上	0.81	0.211	低	65	0.15–0.15s	0.15–0.15s		两边都空	0.0000	精灵图 3发射器	
Tap Toxic Sludge green	Z	对得上	1.01	0.007	低	151	0.15–0.30s	0.15–0.30s		两边都空	0.0000	精灵图 3发射器	
Tap squishy	Z	对得上	1.00	0.000	低	100	0.15–0.75s	0.15–0.75s		对得上	0.0001	精灵图 3发射器	
Tau Buff Ranged	Z	对得上	0.99	0.012	低	156	1.50–1.50s	1.50–1.50s		对得上	0.0006	精灵图 多发射器(19) Sprite	
Tau Coordinated Engagement	Z	对得上	0.82	0.198	低	117	1.50–1.50s	1.50–1.50s		对得上	0.0000	精灵图 多发射器(19) 抓屏扭曲	
Toxic Vapors Damage	Z	对得上	1.00	0.000	低	165	1.50–1.50s	1.50–1.50s		对得上	0.0002	精灵图 6发射器	
Toxic Vapors Damage quick	Z	对得上	1.00	0.000	低	184	0.75–1.00s	0.75–1.00s		对得上	0.0002	精灵图 6发射器	
Vanguard Onslaught Board	Z	对得上	1.00	0.000	低	166	0.15–1.00s	0.15–1.00s		对得上	0.0001	精灵图 多发射器(19) 拖尾	
Waaagh_Lightning	Z	对得上	1.00	0.000	低	143	0.30–1.00s	0.30–1.00s		对得上	0.0000	精灵图 多发射器(11)	
WhileInPlay_Tzeentch	Z	对得上	1.00	0.000	低	79	0.15–2.00s	0.15–2.00s		对得上	0.0007	精灵图 4发射器	
Whip Attack EC Daemon	Z	对得上	1.00	0.000	低	60	1.00–1.00s	1.00–1.00s		偏暗	0.0014	精灵图 多发射器(10) Matcap	
Will Of Gork	Z	对得上	1.00	0.000	低	114	3.00–3.00s	3.00–3.00s		两边都空	0.0000	Mesh粒子 精灵图 多发射器(22) Matcap/抓屏扭曲	
