effect	px	py	pz	lx	ly	lz	fov	near	far	_
Acid Rain Damage Target	0	-1.31799984	-37.3011475	0	-1.31799984	0	40	0.01	1180.5658	0
AcidSpraySweepAttack	-8.293725	-0.7360749	-66.00653	-8.293725	-0.7360749	0.6746845	40	0.01	2110.43286	0
Air to Ground Big	-1.797246	-0.330913544	-53.78668	-1.797246	-0.330913544	0	40	0.01	1702.326	0
AlphaWarriorEffect	-0.000120162964	0.413781643	-29.1789989	-0.000120162964	0.413781643	0.103284359	40	0.01	926.7721	0
AmbushEffect	0	-0.00159978867	-22.1125984	0	-0.00159978867	0.04460001	40	0.01	701.2662	0
Antimatter Explosion	0.05139351	-0.326601267	-8.664024	0.05139351	-0.326601267	0.0533508062	40	0.01	275.9013	0
Arco-Flagellant Strike	0.360222816	-0.009130955	-29.3940887	0.360222816	-0.009130955	0	40	0.01	930.3107	0
ArdAsNailsEffect	0	-1.109385	-39.3267441	0	-1.109385	0.40426445	40	0.01	1257.47	0
Armor_Necron	0	0.2706132	-19.5219841	0	0.2706132	-0.533251762	40	0.01	600.9855	0
ArmourEffect	0	-1.22625017	-21.166853	0	-1.22625017	1.05793715	40	0.01	703.405457	0
ArmourEffect_Bladeguard_Shield	0	-0.8062506	-40.979702	0	-0.8062506	1.7708745	40	0.01	1353.03809	0
ArmourEffect_Nurgle	0	-0.81799984	-58.3158722	0	-0.81799984	0	40	0.01	1845.67322	0
ArtificeEffect	-0.235900044	-0.2563858	-10.6100616	-0.235900044	-0.2563858	0.1032635	40	0.01	339.0723	0
Artillery Ground	0	2.17001438	-41.28155	0	2.17001438	0	40	0.01	1306.54407	0
Artillery Manticore down 1x	9.393692E-05	-4.832245	-78.97423	9.393692E-05	-4.832245	0	40	0.01	2499.50171	0
Artillery Manticore down 2x spread	2.57403088	-3.158661	-86.63968	2.57403088	-3.158661	-1.18089676	40	0.01	2704.735	0
Artillery Manticore down 4x	9.393692E-05	-3.500002	-86.490654	9.393692E-05	-3.500002	0	40	0.01	2737.393	0
Artillery Manticore down 4x spread	2.55169773	-1.10737991	-93.6925659	2.55169773	-1.10737991	-0.7316141	40	0.01	2942.17554	0
Artillery Manticore up 2x	0	23.0057487	-87.3735046	0	23.0057487	0.0454998	40	0.01	2766.77539	0
Artillery Manticore up 4x	0	23.0057487	-87.50573	0	23.0057487	0.0454998	40	0.01	2770.96021	0
Atk_BulletImpact_Vox-pulse	-0.2867725	0.159999967	-112.579773	-0.2867725	0.159999967	49.44994	40	0.01	5128.173	0
Atk_BulletImpact_Vox-pulse digital	-0.2870052	0.159999967	-112.578705	-0.2870052	0.159999967	49.4501762	40	0.01	5128.147	0
Atk_BulletImpact_Vox-pulse purple	-0.2867725	0.159999967	-112.579773	-0.2867725	0.159999967	49.44994	40	0.01	5128.173	0
Atk_ChemVial_2	-0.1046499	0.159999967	-7.24108362	-0.1046499	0.159999967	0	40	0.01	229.177277	0
Atk_ExileGlaiveThrow Movement	0	0	-19.4319267	0	0	0	40	0.01	615.0124	0
Atk_GrotGrenade	0	0	-19.4319267	0	0	0	40	0.01	615.0124	0
Atk_GrotGrenade_big	0	0	-19.4319267	0	0	0	40	0.01	615.0124	0
Atk_GrotRock	0	0	-19.4319267	0	0	0	40	0.01	615.0124	0
Atk_HelspearThrow Movement	0	0	-19.4319267	0	0	0	40	0.01	615.0124	0
Atk_JainasMor	0.0260000229	0.325000048	-19.74369	0.0260000229	0.325000048	-0.190500021	40	0.01	618.850342	0
Atk_KrootJavelinThrow Movement	0	0	-19.4319267	0	0	0	40	0.01	615.0124	0
Atk_Rokkit-Harpoon big	0	0	-19.7084579	0	0	0.315443754	40	0.01	633.748169	0
Atk_Rokkit-Harpoon small	0	0	-19.7084579	0	0	0.315443754	40	0.01	633.748169	0
Atk_StikkaThrow Movement	0	0	-9.715963	0	0	0	40	0.01	307.5062	0
Attack_Stomp	0	0	-24.4980145	0	0	-0.5231881	40	0.01	758.793335	0
AttackHitSmall	0	0	-145.707611	0	0	0	40	0.01	4611.58545	0
AttackSquigEffect	-9.15527344E-05	0	-1751.39868	-9.15527344E-05	0	0.289001465	40	0.01	55440.1875	0
Aura_WhileInPlay_1	0	-1.31	-23.3134842	0	-1.31	0	40	0.01	737.8621	0
Aura_WhileInPlay_2	0	-1.31	-23.3134842	0	-1.31	0	40	0.01	737.8621	0
Axe_Slash_User_SW	0.8101001	-0.440000057	-26.10025	0.8101001	-0.440000057	0	40	0.01	826.062134	0
BacklashEffect	-0.339435339	-0.121970177	-14.2598629	-0.339435339	-0.121970177	0	40	0.01	451.318726	0
Backstab Dagger	0.0334348679	-0.106562614	-26.264864	0.0334348679	-0.106562614	-1.117485	40	0.01	795.9041	0
Backstab Dagger Intense	0.0334348679	-0.106562614	-26.264864	0.0334348679	-0.106562614	-1.117485	40	0.01	795.9041	0
BansheeHowl	0	0.360039949	-18.7072563	0	0.360039949	0.4000001	40	0.01	604.7367	0
BansheeHowl_blood	0	1.33375025	-21.0082474	0	1.33375025	0.4000001	40	0.01	677.562134	0
BansheeHowl_blood glow	0	1.33375025	-21.0082474	0	1.33375025	0.4000001	40	0.01	677.562134	0
BansheeHowl_warlord	0	0.360039949	-18.7072563	0	0.360039949	0.4000001	40	0.01	604.7367	0
Basic_army_BL	0	-1.47000027	-51.02639	0	-1.47000027	0	40	0.01	1614.96411	0
Basic_army_DA	0	-0.6300001	-51.02639	0	-0.6300001	0	40	0.01	1614.96411	0
Basic_army_DA_Intense	0	-0.6300001	-51.02639	0	-0.6300001	0	40	0.01	1614.96411	0
Basic_army_DA_Intense_Secret	0	-0.6300001	-51.02639	0	-0.6300001	0	40	0.01	1614.96411	0
Basic_army_DA_NoIcon	0	-0.6300001	-51.0264	0	-0.6300001	0	40	0.01	1614.96448	0
Basic_army_GSC	0	-1.20120049	-55.62336	0	-1.20120049	0	40	0.01	1760.4563	0
Basic_army_GSC_intense	0	-1.47000027	-51.02639	0	-1.47000027	0	40	0.01	1614.96411	0
Basic_army_GSC_Jackal	0	-1.20120049	-55.62336	0	-1.20120049	0	40	0.01	1760.4563	0
Basic_army_GSC_shake	0	-1.16520023	-55.62336	0	-1.16520023	0	40	0.01	1760.4563	0
Basic_army_Guard	0	-1.3380003	-37.3011475	0	-1.3380003	0	40	0.01	1180.5658	0
Basic_army_Guard Board	9.536743E-07	-1.3380003	-47.78048	9.536743E-07	-1.3380003	0	40	0.01	1512.23242	0
Basic_army_Guard Digital	0	-1.12202883	-28.3756237	0	-1.12202883	0	40	0.01	898.0767	0
Basic_army_Guard Intense	0	-1.3253994	-37.3444824	0	-1.3253994	-0.007200718	40	0.01	1181.70947	0
Basic_army_Guard_quick	0	0.09000015	-16.7855186	0	0.09000015	0	40	0.01	531.2547	0
Basic_army_Guard_quick Master of Ordnance	0	0.09000015	-16.7855186	0	0.09000015	0	40	0.01	531.2547	0
Basic_army_UM	0	-1.47000027	-51.02639	0	-1.47000027	0	40	0.01	1614.96411	0
Basic_army_UM_Chainsword	0	-1.47000027	-51.02639	0	-1.47000027	0	40	0.01	1614.96411	0
Basic_army_UM_Chant	0	-1.47000027	-51.02639	0	-1.47000027	0	40	0.01	1614.96411	0
Basic_army_UM_chaplain	0	-1.47000027	-51.02639	0	-1.47000027	0	40	0.01	1614.96411	0
Basic_army_UM_Guilliman	0	-1.47000027	-63.56957	0	-1.47000027	0	40	0.01	2011.95044	0
Basic_army_UM_Hammer	0	-1.47000027	-51.02639	0	-1.47000027	0	40	0.01	1614.96411	0
Basic_army_UM_Pre-Effect	0	-1.3380003	-37.3011475	0	-1.3380003	0	40	0.01	1180.5658	0
Basic_army_UM_quick	0	-1.47000027	-50.93039	0	-1.47000027	0.09599972	40	0.01	1614.96411	0
BeastSnagga_Summon	0	-11.6525955	-76.37899	0	-11.6525955	0	40	0.01	2417.36328	0
BigKrumpaKlawEffect	0.000121593475	0.0440592766	-22.05255	0.000121593475	0.0440592766	0.114126682	40	0.01	701.5661	0
Birth of a Saga	9.494208	-7.588627	-80.0354462	9.494208	-7.588627	0.38676095	40	0.01	2545.32959	0
BlackCrusade_Battleground	0	-0.23400116	-252.559921	0	-0.23400116	0	40	0.01	7993.4165	0
BlackCrusade_Battleground repeat	0	0	-252.359924	0	0	0.200000763	40	0.01	7993.4165	0
Blacksword_Missile_offscreen	-15.1982384	-16.3317642	-176.127655	-15.1982384	-16.3317642	5.509263	40	0.01	5748.733	0
Blacksword_Missile_volley	21.7863178	21.292717	-28.4477119	21.7863178	21.292717	-8.177437	40	0.01	641.5458	0
Blast_Big_Ork	1.93322325	-8.16554451	-47.9457932	1.93322325	-8.16554451	3.049611	40	0.01	1613.9834	0
Blast_Big_Ork_Missiles	2.08473825	-8.16554451	-47.8035545	2.08473825	-8.16554451	3.04099178	40	0.01	1609.20886	0
Blast_Plasma	3.244446	-0.184001446	-87.8473358	3.244446	-0.184001446	-4.94547272	40	0.01	2623.80957	0
Blast_Plasma_Helbrute	-0.940000057	0.332000017	-67.25701	-0.940000057	0.332000017	0.3321972	40	0.01	2139.17041	0
Blast_Plasma_MegaBlasta	-0.940000057	-0.184000492	-87.86289	-0.940000057	-0.184000492	-4.94547272	40	0.01	2624.302	0
Blast_Plasma_Sentinel	-0.940000057	0.332000017	-59.2961578	-0.940000057	0.332000017	2.29656982	40	0.01	1949.38428	0
Blast_Plasma_Sentinel_twinlink	-0.7499156	0.332000017	-59.4839058	-0.7499156	0.332000017	2.30873871	40	0.01	1955.71155	0
BlastEffect	0	-0.655670166	-76.16727	0	-0.655670166	0	40	0.01	2410.66235	0
Blind_continuous_effect	0	0	-11.6566105	0	0	0	40	0.01	368.92688	0
BlindEffect	0.0259332657	0.7050023	-25.3774948	0.0259332657	0.7050023	0	40	0.01	803.1872	0
BloodThirstEffect	0	-1.30000019	-29.9446125	0	-1.30000019	0	40	0.01	947.734558	0
BloodThirstEffect_continuous	0	0.0236145258	-9.892296	0	0.0236145258	0.125	40	0.01	317.043243	0
BloodThirstEffect_Gain	0	-1.30000019	-23.31322	0	-1.30000019	1.43051147E-06	40	0.01	737.85376	0
BloodThirstEffect_Idle	0	0.05799997	-9.29987	0	0.05799997	0.100000024	40	0.01	297.501984	0
BloodThirstEffect_Lose	0	0.2424804	-9.744073	0	0.2424804	0.1032635	40	0.01	311.664124	0
BloodySplash	0.536977768	-5.911153	-51.4865837	0.536977768	-5.911153	-0.271180153	40	0.01	1620.94629	0
BlueSummonCircle	0	0.01999998	-23.3132172	0	0.01999998	0	40	0.01	737.853638	0
Bolter Casing_Imperial	2.86706	-0.329434276	-10.3847466	2.86706	-0.329434276	0.641415238	40	0.01	348.97345	0
Bolter Casing_Orks	3.148492	-3.05362988	-16.9310265	3.148492	-3.05362988	0.84270364	40	0.01	562.5311	0
Bolter Casing_Traitor	3.15980077	-3.05362988	-17.0033321	3.15980077	-3.05362988	0.854012251	40	0.01	565.1775	0
BolterSweep	-3.51201344	-4.5674243	-33.47456	-3.51201344	-4.5674243	5.27877665	40	0.01	1226.5271	0
BolterSweep_2	-3.772953	-4.5674243	-34.2048264	-3.772953	-4.5674243	5.535345	40	0.01	1257.75989	0
Bore Through	-1.1179781	0.1869905	-15.9638042	-1.1179781	0.1869905	-0.7046795	40	0.01	482.944977	0
Bore Through Intense	-1.18937016	-0.4725001	-18.304245	-1.18937016	-0.4725001	-0.526627541	40	0.01	562.6542	0
Buff EC On Warlord When Creating Card	0	-1.34000015	-38.8553619	0	-1.34000015	0	40	0.01	1229.7561	0
Buff EC Pink Twirl	0	-1.30000019	-38.8553619	0	-1.30000019	0	40	0.01	1229.7561	0
Buff EC Pink Twirl Intense	0	-1.19	-38.8553619	0	-1.19	0	40	0.01	1229.7561	0
Buff EC Stimulate	0	-1.2249999	-38.8553619	0	-1.2249999	0	40	0.01	1229.7561	0
Buff EC Stimulate passive	-0.186389685	-0.1181891	-6.99488354	-0.186389685	-0.1181891	-0.626988232	40	0.01	201.541229	0
Buff_BL_Intense	0	-1.3380003	-69.93965	0	-1.3380003	0	40	0.01	2213.56079	0
Buff_Blue	0	-1.46999979	-43.736908	0	-1.46999979	0	40	0.01	1384.255	0
Buff_Blue_SW	0	-1.47000027	-47.67717	0	-1.47000027	0	40	0.01	1508.96265	0
Buff_Blue_SW_Intense	0	-1.47000027	-47.67717	0	-1.47000027	0	40	0.01	1508.96265	0
Buff_Blue_SW_Wolf	0	-1.47000027	-47.67717	0	-1.47000027	0	40	0.01	1508.96265	0
Buff_Blue_Tau	0	-1.46999979	-43.736908	0	-1.46999979	0	40	0.01	1384.255	0
Buff_Blue_Tau_quick	0	-1.46999979	-43.736908	0	-1.46999979	0	40	0.01	1384.255	0
Buff_Chaos_Star	0	-1.47000027	-51.22639	0	-1.47000027	-0.199999809	40	0.01	1614.96411	0
Buff_DA_Forest_Self	0	-1.30999947	-37.3011475	0	-1.30999947	0	40	0.01	1180.5658	0
Buff_DA_Forest_Target	0	-1.30999947	-37.3011475	0	-1.30999947	0	40	0.01	1180.5658	0
Buff_DaemonicFrenzy	0	-0.9840002	-54.8134232	0	-0.9840002	0	40	0.01	1734.822	0
Buff_DaemonicPact	0	0.876001358	-61.89517	0	0.876001358	0	40	0.01	1958.9563	0
Buff_DaemonicPact_troop	0	-0.9840002	-54.8134232	0	-0.9840002	0	40	0.01	1734.822	0
Buff_DarkOratory	0	-1.47000027	-58.31588	0	-1.47000027	0	40	0.01	1845.67334	0
Buff_DiabolicStrength	0	-0.9840002	-54.8134232	0	-0.9840002	0	40	0.01	1734.822	0
Buff_Drach'nyen	0	-1.31999969	-58.31588	0	-1.31999969	0	40	0.01	1845.67334	0
Buff_Eldar_Warp Spider	0	-0.77	-28.2182217	0	-0.77	0	40	0.01	893.095032	0
Buff_Eldar_Warp Spider_intense	0	-0.539462566	-32.55065	0	-0.539462566	0	40	0.01	1030.2146	0
Buff_EnemyHand_GSC	0	0	-116.571564	0	0	0	40	0.01	3689.44165	0
Buff_Flies	0	-1.3380003	-37.3011475	0	-1.3380003	0	40	0.01	1180.5658	0
Buff_FriendlyHand_GSC	0	0	-116.571564	0	0	0	40	0.01	3689.44165	0
Buff_Green	0	-1.47000027	-58.31588	0	-1.47000027	0	40	0.01	1845.67334	0
Buff_Green_Agenda	0	-1.3380003	-37.3011475	0	-1.3380003	0	40	0.01	1180.5658	0
Buff_Green_DA	0	-1.30999947	-37.3011475	0	-1.30999947	0	40	0.01	1180.5658	0
Buff_Green_Intense	0	-0.6779995	-58.31588	0	-0.6779995	0	40	0.01	1845.67334	0
Buff_GSC	0	-1.46999979	-43.736908	0	-1.46999979	0	40	0.01	1384.255	0
Buff_Hand_1	0	15.499505	-166.214355	0	15.499505	0.189996719	40	0.01	5266.62842	0
Buff_Hand_UM	0	0	-116.571564	0	0	0	40	0.01	3689.44165	0
Buff_HideousMutation	0	-1.31999969	-72.89485	0	-1.31999969	0	40	0.01	2307.0918	0
Buff_HideousMutation_EC	0	-1.17000008	-46.6264343	0	-1.17000008	0	40	0.01	1475.70728	0
Buff_HideousMutation_rage	0	-1.17000008	-46.6264343	0	-1.17000008	0	40	0.01	1475.70728	0
Buff_LegacyOfVengeance	0	-1.31999969	-58.3158722	0	-1.31999969	0	40	0.01	1845.67322	0
Buff_Mana	0	0.302999973	-8.160008	0	0.302999973	-1.1920929E-07	40	0.01	258.2609	0
Buff_Mana_2	0	23.1135139	-549.496338	0	23.1135139	0.189987183	40	0.01	17397.3457	0
Buff_Mana_3 Holy	0	16.72351	-559.6968	0	16.72351	0.189987183	40	0.01	17720.1836	0
Buff_Mana_Blood	0	-26.0906219	-915.3248	0	-26.0906219	52.6900024	40	0.01	30637.2676	0
Buff_MarkOfKhorne	0	0.231876373	-74.151886	0	0.231876373	-9.536743E-07	40	0.01	2346.87622	0
Buff_MarkOfNurgle	0	-0.8380003	-58.31588	0	-0.8380003	0	40	0.01	1845.67334	0
Buff_MarkOfSlaanesh	0	-0.8380003	-58.31588	0	-0.8380003	0	40	0.01	1845.67334	0
Buff_MarkOfTzeentch	0	1.74505043	-54.28618	0	1.74505043	-0.129999161	40	0.01	1714.02051	0
Buff_Orange	0	-1.47000027	-58.31588	0	-1.47000027	0	40	0.01	1845.67334	0
Buff_Ork_Mek	0.04853511	-0.892058134	-17.66103	0.04853511	-0.892058134	0.0449881554	40	0.01	560.3881	0
Buff_Purple	0	-1.6799984	-81.27683	0	-1.6799984	0	40	0.01	2572.378	0
Buff_Red	0	-1.47000027	-58.31588	0	-1.47000027	0	40	0.01	1845.67334	0
Buff_Red_Intense	0	-1.47000027	-58.31588	0	-1.47000027	0	40	0.01	1845.67334	0
Buff_Red_ork	0	-1.47000027	-63.3695679	0	-1.47000027	0.199999809	40	0.01	2011.95044	0
Buff_Sautekh_Intense	0	-1.3380003	-69.93965	0	-1.3380003	0	40	0.01	2213.56079	0
Buff_Sororitas	0	10.9199991	-99.30652	0	10.9199991	0	40	0.01	3143.01025	0
Buff_Sororitas_Intense	0	-1.33799934	-83.92759	0	-1.33799934	0	40	0.01	2656.27319	0
Buff_Sororitas_quick	0	-1.3380003	-37.3011475	0	-1.3380003	0	40	0.01	1180.5658	0
Buff_Sororitas_quick_fire	0	-1.3380003	-37.3011475	0	-1.3380003	0	40	0.01	1180.5658	0
Buff_Sororitas_quick_fire_intense	0	-1.3380003	-37.3011475	0	-1.3380003	0	40	0.01	1180.5658	0
Buff_SW_Blizzard	-2.97219086	0.009679794	-191.409134	-2.97219086	0.009679794	-0.7439995	40	0.01	6034.472	0
Buff_SW_Blizzard_Board	-27.1237946	7.380434	-300.373138	-27.1237946	7.380434	19.10842	40	0.01	10111.459	0
Buff_SW_Lightning	0	-0.409999847	-145.008209	0	-0.409999847	0	40	0.01	4589.44971	0
Buff_SW_Lightning_quick	0	-0.409999847	-145.008209	0	-0.409999847	0	40	0.01	4589.44971	0
Buff_SW_Rune_Blizzard	0	-1.26799965	-37.3011475	0	-1.26799965	0	40	0.01	1180.5658	0
Buff_SW_Rune_Lightning	0	-1.26799965	-37.3011475	0	-1.26799965	0	40	0.01	1180.5658	0
Buff_SW_Rune_Tornado	0	-1.26799965	-37.3011475	0	-1.26799965	0	40	0.01	1180.5658	0
Buff_SW_Runes 1	0	-1.26799965	-37.3011475	0	-1.26799965	0	40	0.01	1180.5658	0
Buff_SW_Runes_Blizzard OLD	-8.134781	2.0988512	-120.235855	-8.134781	2.0988512	0.0424718857	40	0.01	3806.75928	0
Buff_Tau_Air	0	-1.46999979	-43.736908	0	-1.46999979	0	40	0.01	1384.255	0
Buff_Tau_Earth	0	-1.46999979	-43.736908	0	-1.46999979	0	40	0.01	1384.255	0
Buff_Tau_Fire	0	-1.46999979	-43.736908	0	-1.46999979	0	40	0.01	1384.255	0
Buff_Tau_GrislyFeast	0	0.231876373	-89.97669	0	0.231876373	0	40	0.01	2847.72485	0
Buff_Tau_Intense	0	-1.3380003	-69.93965	0	-1.3380003	0	40	0.01	2213.56079	0
Buff_Tau_Kroot	0	-1.46999979	-43.736908	0	-1.46999979	0	40	0.01	1384.255	0
Buff_Tau_Kroot_FriendlyBoard	-0.6292076	-3.81812477	-46.39561	-0.6292076	-3.81812477	3.6	40	0.01	1582.34021	0
Buff_Tau_Kroot_intense	0	-1.47000027	-58.31588	0	-1.47000027	0	40	0.01	1845.67334	0
Buff_Tau_Water	0	-1.46999979	-43.736908	0	-1.46999979	0	40	0.01	1384.255	0
Buff_Tyranid	-1.52587891E-05	-1.31999969	-72.6668854	-1.52587891E-05	-1.31999969	0.228006363	40	0.01	2307.093	0
Buff_Tyranid Armor	0.0330805779	-0.420524836	-21.24964	0.0330805779	-0.420524836	0.577551365	40	0.01	690.821533	0
Buff_Tyranid Atk	-1.52587891E-05	-1.31999969	-72.6668854	-1.52587891E-05	-1.31999969	0.228006363	40	0.01	2307.093	0
Buff_Tyranid HP	-1.52587891E-05	-1.31999969	-72.6668854	-1.52587891E-05	-1.31999969	0.228006363	40	0.01	2307.093	0
Buff_UM_Intense	0	-1.3380003	-69.93965	0	-1.3380003	0	40	0.01	2213.56079	0
BulletImpact_1hit_trail_ork	1.25543737	1.05679488	-36.0697327	1.25543737	1.05679488	16.134964	40	0.01	1652.257	0
BulletImpact_1shot	0.348706335	0.00668126345	-1.68059349	0.348706335	0.00668126345	0	40	0.01	53.1900864	0
BulletImpact_1shot_pointblank	0.1791568	0.00303693116	-1.57979953	0.1791568	0.00303693116	0	40	0.01	50	0
BulletImpact_1shot_random_chaos	1.091677	0	-34.479702	1.091677	0	11.1580629	40	0.01	1444.41626	0
BulletImpact_1shot_random_EC	1.091677	0	-34.5768929	1.091677	0	11.2094812	40	0.01	1449.11963	0
BulletImpact_1shot_trail	1.76103568	-1.25218534	-30.5438919	1.76103568	-1.25218534	11.7858505	40	0.01	1339.71887	0
BulletImpact_1shot_trail_EC Daemon	0	0	-35.3064651	0	0	10.6330576	40	0.01	1453.9668	0
BulletImpact_1shotSniper	0.150337309	0.002429545	-2.48674321	0.150337309	0.002429545	0	40	0.01	78.70439	0
BulletImpact_1shotSniper_trail	1.76103568	-1.17218542	-68.24452	1.76103568	-1.17218542	29.9468822	40	0.01	3107.71729	0
BulletImpact_2shot	0.197948977	0.0204436779	-1.57979953	0.197948977	0.0204436779	0	40	0.01	50	0
BulletImpact_2shot_autocannon	2.474965	-4.12113571	-43.58921	2.474965	-4.12113571	9.836705	40	0.01	1690.90808	0
BulletImpact_2shot_ork	0.461039275	0.0681456	-1.70985615	0.461039275	0.0681456	0	40	0.01	54.1162376	0
BulletImpact_2shot_pointblank_chaos	0.197948977	0.0204436779	-1.57979953	0.197948977	0.0204436779	0	40	0.01	50	0
BulletImpact_2shot_pointblank_EC	0.197948977	0.0204436779	-1.57979953	0.197948977	0.0204436779	0	40	0.01	50	0
BulletImpact_2shot_Titus_AA	0.473247766	-1.08970547	-31.5864563	0.473247766	-1.08970547	11.7858505	40	0.01	1372.71558	0
BulletImpact_2shot_trail	1.76103544	-1.17218542	-30.4970932	1.76103544	-1.17218542	11.7858505	40	0.01	1338.23755	0
BulletImpact_2shot_trail_chaos	1.091677	0	-45.4852829	1.091677	0	13.7689075	40	0.01	1875.37061	0
BulletImpact_2shot_trail_EC	1.091677	0	-44.7685547	1.091677	0	13.410408	40	0.01	1841.34009	0
BulletImpact_2shot_trail_EC Daemon	0	0	-44.5535126	0	0	13.6839085	40	0.01	1843.19019	0
BulletImpact_2shot_trail_nurgle	1.03114629	-2.93562078	-34.5357552	1.03114629	-2.93562078	8.454385	40	0.01	1360.62012	0
BulletImpact_2shot_trail_ork_NEW	1.6187346	-4.82454443	-36.3075867	1.6187346	-4.82454443	12.2304363	40	0.01	1536.20825	0
BulletImpact_2shot_trail_twinlink	0.438802719	-1.17218542	-35.13468	0.438802719	-1.17218542	13.3686047	40	0.01	1535.10889	0
BulletImpact_3shot	0.1994123	0.05544363	-1.57979953	0.1994123	0.05544363	0	40	0.01	50	0
BulletImpact_3shot_pointblank	0.1994123	0.05544363	-1.57979953	0.1994123	0.05544363	0	40	0.01	50	0
BulletImpact_3shot_trail	1.76103568	-2.56476116	-36.2970924	1.76103568	-2.56476116	14.1867819	40	0.01	1597.7937	0
BulletImpact_3shot_trail_chaos	1.091677	0	-45.4852829	1.091677	0	13.7689075	40	0.01	1875.37061	0
BulletImpact_3shot_trail_EC	1.091677	0	-44.7685547	1.091677	0	13.410408	40	0.01	1841.34009	0
BulletImpact_3shot_trail_ork	2.33486819	-4.107781	-91.8351746	2.33486819	-4.107781	39.6163979	40	0.01	4160.387	0
BulletImpact_4shot	0.239294767	-0.032168448	-2.2821548	0.239294767	-0.032168448	0	40	0.01	72.2292557	0
BulletImpact_4shot_trail	1.80784321	-3.18086	-35.2430649	1.80784321	-3.18086	13.3861675	40	0.01	1539.09509	0
BulletImpact_4shot_trail_chaos	1.5291121	-1.0848856	-59.3860168	1.5291121	-1.0848856	20.1715069	40	0.01	2517.96265	0
BulletImpact_4shot_trail_EC	1.5291121	-1.0848856	-45.884716	1.5291121	-1.0848856	13.410408	40	0.01	1876.666	0
BulletImpact_4shot_trail_nurgle	1.69150853	-1.69182777	-41.22193	1.69150853	-1.69182777	10.5679808	40	0.01	1639.12927	0
BulletImpact_4shot_trail_twinlink	1.74631572	-3.18086	-35.5602264	1.74631572	-3.18086	13.3686047	40	0.01	1548.57715	0
BulletImpact_5shot	0.166531086	0.05718702	-2.50427556	0.166531086	0.05718702	0	40	0.01	79.259285	0
BulletImpact_5shot_trail	1.76103568	-4.08702374	-39.3207932	1.76103568	-4.08702374	14.98587	40	0.01	1718.78333	0
BulletImpact_5shot_trail_chaos	1.5291121	-1.0848856	-46.5815659	1.5291121	-1.0848856	13.7689075	40	0.01	1910.06738	0
BulletImpact_5shot_trail_EC	1.5291121	-1.0848856	-45.88121	1.5291121	-1.0848856	13.4086018	40	0.01	1876.498	0
BulletImpact_5shot_trail_ork	1.24804592	-4.314304	-43.5219269	1.24804592	-4.314304	15.7142544	40	0.01	1874.80054	0
BulletImpact_5shot_trail_ork_low	1.24804592	-4.314304	-43.5219269	1.24804592	-4.314304	15.7142544	40	0.01	1874.80054	0
BulletImpact_6shot_autocannon_EC	2.15183926	-4.38459826	-47.86026	2.15183926	-4.38459826	17.8728161	40	0.01	2080.4248	0
BulletImpact_6shot_trail_EC Daemon	0	0	-44.5591736	0	0	13.6866817	40	0.01	1843.457	0
BulletImpact_9shot	0.094124496	0.02816081	-2.76233935	0.094124496	0.02816081	0.152848035	40	0.01	92.26447	0
BulletImpact_9shot_trail	1.7866993	-4.21927261	-40.9293671	1.7866993	-4.21927261	15.7865238	40	0.01	1795.03442	0
BulletImpact_9shot_trail_chaos	1.86242938	-4.790088	-44.1939	1.86242938	-4.790088	16.01597	40	0.01	1905.61755	0
BulletImpact_9shot_trail_EC	1.63862491	-4.790088	-37.64001	1.63862491	-4.790088	12.4086084	40	0.01	1584.018	0
BulletImpact_9shot_trail_EC_twinlink	0.0455760956	-8.4727335	-60.37007	0.0455760956	-8.4727335	22.5292187	40	0.01	2623.72827	0
BulletImpact_Abaddon_AA_StormBolter	-0.747835159	-7.33633327	-50.054	-0.747835159	-7.33633327	15.782362	40	0.01	2083.6936	0
BulletImpact_AcidSpit	0.0127084255	-0.594875336	-22.6739979	0.0127084255	-0.594875336	7.564808	40	0.01	957.045654	0
BulletImpact_artillery_1shot	0	-32.82041	-212.030487	0	-32.82041	0.0454998	40	0.01	6712.117	0
BulletImpact_artillery_arc	0	13.1881084	-80.8667755	0	13.1881084	25.8551922	40	0.01	3377.706	0
BulletImpact_artillery_big	0	-33.0794144	-212.030487	0	-33.0794144	0.0454998	40	0.01	6712.117	0
BulletImpact_artillery_manticore	0	-31.4793854	-216.354874	0	-31.4793854	0.0454998	40	0.01	6848.98242	0
BulletImpact_artillery_manticore_spread	0	13.15456	-57.2746964	0	13.15456	0.0454998	40	0.01	1814.16052	0
BulletImpact_autocannon	1.183785	-4.334011	-46.3994446	1.183785	-4.334011	17.22156	40	0.01	2013.57837	0
BulletImpact_autocannon_Firestrike	0.007352352	0.158151209	-40.5393867	0.007352352	0.158151209	17.7528076	40	0.01	1844.92383	0
BulletImpact_autocannon_Hydra	-0.143493891	0.1943804	-39.5296936	-0.143493891	0.1943804	17.9980488	40	0.01	1820.72925	0
BulletImpact_autocannon_rapid	0.108250618	0.415258765	-41.70028	0.108250618	0.415258765	17.4666	40	0.01	1872.60718	0
BulletImpact_autogun_1shot	0.8323592	-2.66515613	-30.0464668	0.8323592	-2.66515613	11.6400385	40	0.01	1319.3606	0
BulletImpact_autogun_1shotSniper	0.7239938	-2.60826063	-69.5385	0.7239938	-2.60826063	29.6370087	40	0.01	3138.86353	0
BulletImpact_autogun_2shot	1.10613716	-5.559309	-33.62068	1.10613716	-5.559309	11.9335155	40	0.01	1441.77136	0
BulletImpact_autogun_3shot	1.10613716	-5.559309	-37.99943	1.10613716	-5.559309	14.334446	40	0.01	1656.34558	0
BulletImpact_autogun_4shot	1.10613716	-5.559309	-41.0299072	1.10613716	-5.559309	15.934145	40	0.01	1802.88867	0
BulletImpact_autogun_6shot	1.24409926	-6.24422932	-41.909874	1.24409926	-6.24422932	15.93342	40	0.01	1830.71631	0
BulletImpact_autogun_6shot_twinlink	-0.1554501	-6.07151556	-42.9487	-0.1554501	-6.07151556	15.897027	40	0.01	1862.44275	0
BulletImpact_autogun_8shot	1.43378866	-6.480384	-40.8118477	1.43378866	-6.480384	15.1339722	40	0.01	1770.66187	0
BulletImpact_autogun_Automatic	1.39410591	-7.212392	-43.3944626	1.39410591	-7.212392	15.9327374	40	0.01	1877.68115	0
BulletImpact_autogun_liberator_1shot	0.8323592	-2.77675247	-29.9746265	0.8323592	-2.77675247	11.9335155	40	0.01	1326.37524	0
BulletImpact_autogun_liberator_repeat	-0.350686073	-3.12120175	-38.6998825	-0.350686073	-3.12120175	14.9392967	40	0.01	1697.65771	0
BulletImpact_autogun_Shotgun	-0.185547113	0.2597885	-29.0511246	-0.185547113	0.2597885	11.3746481	40	0.01	1279.459	0
BulletImpact_Bolter_Large Area	-4.00053167	-7.63799858	-47.4973755	-4.00053167	-7.63799858	15.7836437	40	0.01	2002.81787	0
BulletImpact_Bolter_Wide Area	-2.18245459	-7.906101	-48.8517075	-2.18245459	-7.906101	15.7721462	40	0.01	2045.31824	0
BulletImpact_BulletHole	0	-1.19191551	-20.00609	0	-1.19191551	1.3809998	40	0.01	676.8926	0
BulletImpact_Chaos_Melta	0.212800026	-0.448153019	-130.384079	0.212800026	-0.448153019	51.73035	40	0.01	5763.846	0
BulletImpact_ChaosMissile	0.08719993	0.243200064	-29.8088913	0.08719993	0.243200064	10.6302767	40	0.01	1279.88293	0
BulletImpact_ChemVial	-0.383387685	-12.2091455	-45.2861137	-0.383387685	-12.2091455	0	40	0.01	1433.28674	0
BulletImpact_Combi_Flamer_Infernus	-0.0456864834	0.434143066	-35.7931557	-0.0456864834	0.434143066	11.8278265	40	0.01	1507.18433	0
BulletImpact_DA_MissileVolley_Ballistus	-0.261304736	0.1969642	-6.133524	-0.261304736	0.1969642	-0.158663154	40	0.01	189.101868	0
BulletImpact_DCannon	0	0	-114.457581	0	0	48.6154137	40	0.01	5161.193	0
BulletImpact_DCannon_2	0	0	-113.100311	0	0	48.8994865	40	0.01	5127.226	0
BulletImpact_DCannon_2_twinlink	9.393692E-05	0	-112.026993	9.393692E-05	0	49.13049	40	0.01	5100.56738	0
BulletImpact_DCannon_twinlink	4.76837158E-07	0	-114.711494	4.76837158E-07	0	48.5374832	40	0.01	5166.7627	0
BulletImpact_DeathSpinner	0.0460118055	0.02934134	-16.8916569	0.0460118055	0.02934134	7.879617	40	0.01	784.0006	0
BulletImpact_DeathSpinner Test	0	-5.21686554	-41.2061462	0	-5.21686554	0	40	0.01	1304.15747	0
BulletImpact_deathspinner_arc	0.119365454	4.646546	-110.534271	0.119365454	4.646546	45.64088	40	0.01	4942.879	0
BulletImpact_deathspinner_arc_alt	0.0185222626	3.3190856	-21.8137589	0.0185222626	3.3190856	2.87625933	40	0.01	781.428833	0
BulletImpact_DeathSpinner_spider	-0.00180006027	0.114447	-19.5784	-0.00180006027	0.114447	8.153042	40	0.01	877.6886	0
BulletImpact_DeathSpinner_spider_twinlink	0.0938127041	0.114447	-19.8293228	0.0938127041	0.114447	8.165727	40	0.01	886.031738	0
BulletImpact_DeathSpinner_twinlink	0.07871008	0.02934134	-17.1864128	0.07871008	0.02934134	7.872518	40	0.01	793.1048	0
BulletImpact_DeathSpinner_twinlink_large	0.07954955	-0.00274217129	-24.7034035	0.07954955	-0.00274217129	6.826894	40	0.01	997.9208	0
BulletImpact_DeathSpinner_twinlink_large parabolic	0.649693966	-9.531712	-71.6055	0.649693966	-9.531712	19.6598949	40	0.01	2888.512	0
BulletImpact_DesolationMissile	-0.3833896	0.160000026	-34.35876	-0.3833896	0.160000026	14.7839384	40	0.01	1555.34607	0
BulletImpact_DesolationMissile_AOE	0.492726564	0.160000026	-37.2020073	0.492726564	0.160000026	15.924777	40	0.01	1681.44067	0
BulletImpact_DynamiteBundle_Throw	-0.5739118	-4.13723326	-18.5045815	-0.5739118	-4.13723326	0.32	40	0.01	595.7902	0
BulletImpact_Eldar_Lasblaster	2.42797685	0.1915834	-145.806259	2.42797685	0.1915834	63.77399	40	0.01	6633.12744	0
BulletImpact_Flamethrower_ClearanceIncinerator	0.0608406067	0.6693535	-67.84012	0.0608406067	0.6693535	23.5766582	40	0.01	2893.30322	0
BulletImpact_Flamethrower_HandFlamer	0.03374219	0.30163765	-32.0326271	0.03374219	0.30163765	12.7232981	40	0.01	1416.50635	0
BulletImpact_FlamethrowerSororitas	0	0.0188007355	-1010.25031	0	0.0188007355	254.887863	40	0.01	40041.0977	0
BulletImpact_FlamethrowerSororitas_long	0.138350487	0.6186018	-69.20333	0.138350487	0.6186018	23.5766582	40	0.01	2936.44824	0
BulletImpact_FlamethrowerSororitas_twinlink	0	0.0188007355	-1017.71826	0	0.0188007355	254.7328	40	0.01	40272.5469	0
BulletImpact_FusionGun	0	0	-113.100311	0	0	48.8994865	40	0.01	5127.226	0
BulletImpact_gatling_1s	1.74294209	-4.3246336	-33.9901047	1.74294209	-4.3246336	12.9903355	40	0.01	1486.91138	0
BulletImpact_gatling_1s_invader	1.920481	-4.3246336	-33.05965	1.920481	-4.3246336	13.2043085	40	0.01	1464.23511	0
BulletImpact_Ghazghkull_AA	1.38339329	-5.779628	-48.9337845	1.38339329	-5.779628	15.9723721	40	0.01	2054.253	0
BulletImpact_Gordrang	1.2209053	-4.287163	-41.1509056	1.2209053	-4.287163	16.3178825	40	0.01	1818.86328	0
BulletImpact_Grenade_ThumpGun	0.01050663	-0.4972651	-19.5810642	0.01050663	-0.4972651	7.04537344	40	0.01	842.715759	0
BulletImpact_GrenadeLauncher	-0.383387685	-0.151142478	-19.0186481	-0.383387685	-0.151142478	7.013477	40	0.01	823.905945	0
BulletImpact_GrenadierGauntlet	0	-0.520216346	-18.378376	0	-0.520216346	7.10670042	40	0.01	806.5921	0
BulletImpact_Kroot_KrootGun OLD	0.157479525	0.123090625	-33.6752	0.157479525	0.123090625	13.8641682	40	0.01	1504.60144	0
BulletImpact_Kroot_KrootPistol	0	0.160000026	-15.2882385	0	0.160000026	6.017384	40	0.01	674.3141	0
BulletImpact_Kroot_KrootRifle	0	0.160000026	-16.3790417	0	0.160000026	5.786368	40	0.01	701.526	0
BulletImpact_Kroot_KrootScattergun	0	0.160000026	-16.3774662	0	0.160000026	5.78561258	40	0.01	701.4523	0
BulletImpact_Kroot_RepeaterCannon	0	0.160000026	-16.3729076	0	0.160000026	5.78342772	40	0.01	701.238831	0
BulletImpact_Kroot_RepeaterCannon OLD	0.199460864	0.0663163662	-38.8439331	0.199460864	0.0663163662	16.2645626	40	0.01	1744.161	0
BulletImpact_Lascannon	-0.104007721	0	-70.80993	-0.104007721	0	29.2139988	40	0.01	3165.71582	0
BulletImpact_Lascannon_2shots	-0.104007721	0	-70.80993	-0.104007721	0	29.2139988	40	0.01	3165.71582	0
BulletImpact_Lascannon_twinlink	-0.07795143	0	-71.04929	-0.07795143	0	29.1567516	40	0.01	3171.47974	0
BulletImpact_Lascannon_twinlink_dread	0.277907848	0	-77.41802	0.277907848	0	28.0000916	40	0.01	3336.43945	0
BulletImpact_LongRifle_trail	9.393692E-05	0.160001278	-231.191071	9.393692E-05	0.160001278	100.56	40	0.01	10499.7832	0
BulletImpact_MagicMissile_EC	0.0534111261	0.24284482	-16.109436	0.0534111261	0.24284482	4.497908	40	0.01	652.213867	0
BulletImpact_MagicMissile_EC_Fire	-0.5430751	0.166879177	-16.7640152	-0.5430751	0.166879177	4.496881	40	0.01	672.89856	0
BulletImpact_MissileToTarget	-0.383387685	-7.08418846	-34.6951141	-0.383387685	-7.08418846	0.5481838	40	0.01	1115.43579	0
BulletImpact_MissileToTarget_Orks	-0.383387685	-7.08418846	-34.7311325	-0.383387685	-7.08418846	0.5481838	40	0.01	1116.57568	0
BulletImpact_Morgrim	1.2209053	-4.287163	-41.260582	1.2209053	-4.287163	16.3776321	40	0.01	1824.22559	0
BulletImpact_Needle gun_1shot	0.04139912	0.160000026	-27.1583862	0.04139912	0.160000026	12.3989668	40	0.01	1251.97388	0
BulletImpact_noisemarine	-0.391466379	0.23119998	-47.5060959	-0.391466379	0.23119998	19.6080341	40	0.01	2124.13428	0
BulletImpact_Ork Heavy Lobba	-0.010487318	0.3190146	-5.257167	-0.010487318	0.3190146	1.00960183	40	0.01	198.340622	0
BulletImpact_Ork Missile Big	-0.467988729	0.3190146	-5.65239668	-0.467988729	0.3190146	0.6103512	40	0.01	198.213364	0
BulletImpact_Ork Missiles 1	-0.383387685	0.160000026	-34.4288	-0.383387685	0.160000026	14.8166895	40	0.01	1558.59924	0
BulletImpact_Ork Missiles 2	-0.447069764	0.160000026	-36.134697	-0.447069764	0.160000026	16.1612186	40	0.01	1655.14392	0
BulletImpact_Ork Snakebite Squig Hook	-0.383387685	0.105374217	-17.3138771	-0.383387685	0.105374217	6.13681459	40	0.01	742.204651	0
BulletImpact_Psychophage	0	-0.477177143	-29.24295	0	-0.477177143	8.159866	40	0.01	1183.78357	0
BulletImpact_Pyrovore	-0.0297050476	0.1678232	-9.832629	-0.0297050476	0.1678232	0.7352283	40	0.01	334.468323	0
BulletImpact_Pyrovore OLD	-1.13210726	0.20753336	-21.146637	-1.13210726	0.20753336	2.98486853	40	0.01	763.7522	0
BulletImpact_RandomShitGo	1.24804592	-4.314304	-43.5219269	1.24804592	-4.314304	15.7142544	40	0.01	1874.80054	0
BulletImpact_RiftCannon	0	0.4000001	-299.861816	0	0.4000001	116.4	40	0.01	13174.5137	0
BulletImpact_Rippergun	1.25318313	-3.28145266	-30.6242485	1.25318313	-3.28145266	11.79786	40	0.01	1342.64209	0
BulletImpact_Saboteur_DetonatorOnly	0	0.20000124	-38.3552666	0	0.20000124	0.500093937	40	0.01	1229.7561	0
BulletImpact_SaboteurExplosive	0	0.160001278	-38.45527	0	0.160001278	0.400094032	40	0.01	1229.7561	0
BulletImpact_Screamer-Killer	-2.38418579E-07	-0.35918808	-28.7659454	-2.38418579E-07	-0.35918808	7.313573	40	0.01	1141.90173	0
BulletImpact_Shuriken_Long	0.209999323	0.429044247	-46.5897675	0.209999323	0.429044247	19.8233929	40	0.01	2101.94922	0
BulletImpact_Shuriken_Long_twinlink	0.209844589	0.429044247	-46.9889832	0.209844589	0.429044247	19.8246021	40	0.01	2114.622	0
BulletImpact_Shuriken_Pistol	0.262586117	0.426812828	-45.5691	0.262586117	0.426812828	19.9468	40	0.01	2073.551	0
BulletImpact_Shuriken_Short	0.2099992	0.250664651	-45.6641121	0.2099992	0.250664651	19.96455	40	0.01	2077.12	0
BulletImpact_Shuriken_Short_twinlink	0.209877968	0.250664651	-46.03016	0.209877968	0.250664651	19.9713917	40	0.01	2088.92163	0
BulletImpact_Sonic Weapon 1	9.536743E-06	0.1600132	-61.54867	9.536743E-06	0.1600132	14.8	40	0.01	2416.40381	0
BulletImpact_Sonic Weapon 1 Dual Pistol	7.534027E-05	0.160001755	-50.5213	7.534027E-05	0.160001755	16.065443	40	0.01	2107.44287	0
BulletImpact_Sonic Weapon 1 Dual Pistol OLD	7.534027E-05	0.160001755	-55.04907	7.534027E-05	0.160001755	14.8	40	0.01	2210.694	0
BulletImpact_Sonic Weapon 2	0.0941205	0.8916993	-55.7158432	0.0941205	0.8916993	18.6995068	40	0.01	2355.215	0
BulletImpact_Sonic Weapon 2 Pistol	0.399999619	0.159999847	-67.8096161	0.399999619	0.159999847	18.6399937	40	0.01	2736.09424	0
BulletImpact_Sonic Weapon 2 Twinlink	0.199999809	0.159999847	-64.526886	0.199999809	0.159999847	17.4473343	40	0.01	2594.45	0
BulletImpact_Sonic Weapon 2 variant	-0.2506442	0.160001278	-62.77105	-0.2506442	0.160001278	19.1103954	40	0.01	2591.514	0
BulletImpact_Sororitas_Melta	0	0	-155.549591	0	0	60.2339973	40	0.01	6829.461	0
BulletImpact_Sororitas_MissileVolley	-0.260256767	1.2	-5.752726	-0.260256767	1.2	-0.001085341	40	0.01	182.037048	0
BulletImpact_Sororitas_MissileVolley_board_down	0.054605484	16	-15.1779318	0.054605484	16	0.15904212	40	0.01	485.408875	0
BulletImpact_Sororitas_MissileVolley_board_up	-0.260256767	1.2	-5.752726	-0.260256767	1.2	-0.001085341	40	0.01	182.037048	0
BulletImpact_Sororitas_MissileVolley_MoveAnim	0.0436842442	20.36456	-63.39935	0.0436842442	20.36456	0.127233744	40	0.01	2010.59	0
BulletImpact_Sororitas_MultiMelta	0	0.184800148	-155.652069	0	0.184800148	60.2339973	40	0.01	6832.704	0
BulletImpact_Sororitas_MultiMelta_Junith	0	0.184800148	-155.1076	0	0.184800148	60.3999977	40	0.01	6820.726	0
BulletImpact_Sororitas_SaintCelestine	0	0	-337.988342	0	0	99.04799	40	0.01	13832.02	0
BulletImpact_Spore Launch	0	-1.09600019	-24.8674374	0	-1.09600019	0	40	0.01	787.044067	0
BulletImpact_Spore Launch 1	0	-1.09600019	-24.8674374	0	-1.09600019	0	40	0.01	787.044067	0
BulletImpact_stormbolter_4shots	0.01261282	-1.17218542	-38.3774643	0.01261282	-1.17218542	14.9855766	40	0.01	1688.91809	0
BulletImpact_stormbolter_4shots_Logan_AA	-0.05552578	-2.48476124	-38.485672	-0.05552578	-2.48476124	15.1614752	40	0.01	1697.90991	0
BulletImpact_stormbolter_6shots	-0.05552578	-2.48476124	-39.19115	-0.05552578	-2.48476124	14.9855766	40	0.01	1714.6709	0
BulletImpact_tank_baneblade	0	-0.200000048	-88.42461	0	-0.200000048	35.7573051	40	0.01	3930.306	0
BulletImpact_tank_big	0	-0.200000048	-88.2692261	0	-0.200000048	35.684803	40	0.01	3923.09375	0
BulletImpact_tank_huge	0	-0.200000048	-88.2692261	0	-0.200000048	35.684803	40	0.01	3923.09375	0
BulletImpact_tank_small	0	0	-84.07305	0	0	36.3253021	40	0.01	3810.55786	0
BulletImpact_Tau_Burst Cannon	-0.4232111	0.5071037	-48.8819962	-0.4232111	0.5071037	19.6015	40	0.01	2167.47437	0
BulletImpact_Tau_Burst Cannon_short	-0.4232111	0.200000048	-48.7911224	-0.4232111	0.200000048	19.6015	40	0.01	2164.59839	0
BulletImpact_Tau_FusionBlaster	0.5	0.05249977	-217.185455	0.5	0.05249977	87.34814	40	0.01	9638.362	0
BulletImpact_Tau_FusionBlaster Dual	0.000234603882	0.05249977	-206.734879	0.000234603882	0.05249977	89.558	40	0.01	9377.547	0
BulletImpact_Tau_GravPulse	-0.2867725	0.159999967	-112.579773	-0.2867725	0.159999967	49.44994	40	0.01	5128.173	0
BulletImpact_Tau_IonAccelerator	-37.8823776	-1.31500053	-252.917282	-37.8823776	-1.31500053	38.07485	40	0.01	9209.78	0
BulletImpact_Tau_Missile 10x	-0.203683376	0.174456239	-20.9869766	-0.203683376	0.174456239	8.381597	40	0.01	929.5032	0
BulletImpact_Tau_Missile 3x	-0.257789731	0.196804047	-21.07964	-0.257789731	0.196804047	8.46756649	40	0.01	935.1568	0
BulletImpact_Tau_Plasma Cannon	0.2564788	0.200000048	-62.4137573	0.2564788	0.200000048	23.3695469	40	0.01	2715.00586	0
BulletImpact_Tau_Pulse Blaster	0.08765578	0.4787171	-37.9535828	0.08765578	0.4787171	14.7064238	40	0.01	1666.66736	0
BulletImpact_Tau_Pulse Bomb	-0.009959936	0.200000048	-15.0606995	-0.009959936	0.200000048	0.5	40	0.01	492.4897	0
BulletImpact_Tau_Pulse Carbine	0.962589741	0.163349152	-59.1914673	0.962589741	0.163349152	18.64354	40	0.01	2463.44556	0
BulletImpact_Tau_Pulse Carbine Dual	0.962003469	0.163349152	-60.05949	0.962003469	0.163349152	18.6102715	40	0.01	2489.86523	0
BulletImpact_Tau_Pulse Carbine Dual OLD	0	0.200000048	-46.6160126	0	0.200000048	18.6444378	40	0.01	2065.466	0
BulletImpact_Tau_Pulse Carbine OLD	0	0.200000048	-49.6078873	0	0.200000048	18.0806561	40	0.01	2142.31445	0
BulletImpact_Tau_Pulse Drone Dual	1.348325	0.217487812	-50.01734	1.348325	0.217487812	20.96338	40	0.01	2246.51025	0
BulletImpact_Tau_Pulse Pistol	0.72891283	0.3135389	-48.8372154	0.72891283	0.3135389	20.2111626	40	0.01	2185.35254	0
BulletImpact_Tau_Pulse Rifle	1.0821228	0.3072436	-50.47863	1.0821228	0.3072436	20.6757889	40	0.01	2252.00781	0
BulletImpact_Tau_Pulse Rifle Dual	1.348325	0.3072436	-51.0701981	1.348325	0.3072436	20.7135315	40	0.01	2271.92529	0
BulletImpact_Tau_PulseARCcannon	0.212800026	0.480800152	-165.175308	0.212800026	0.480800152	57.8999977	40	0.01	7060.24072	0
BulletImpact_Tau_Rail Rifle	0	0.200000048	-47.2320061	0	0.200000048	19.4675026	40	0.01	2111.012	0
BulletImpact_Tau_Sniper Pulse Rifle	0	0.199999809	-104.054779	0	0.199999809	38.40865	40	0.01	4508.90869	0
BulletImpact_Thunderfire	-1.85447311	-0.2883458	-21.2881889	-1.85447311	-0.2883458	7.535421	40	0.01	912.2553	0
BulletImpact_Tyranid_Barblauncher	0.119426727	0.5910859	-35.6487427	0.119426727	0.5910859	11.4285145	40	0.01	1489.97559	0
BulletImpact_Tyranid_Big	0	-0.191213608	-36.3978653	0	-0.191213608	12.3542538	40	0.01	1542.98425	0
BulletImpact_Tyranid_Cannon	0	0.384786129	-31.27029	0	0.384786129	8.925532	40	0.01	1272.18115	0
BulletImpact_Tyranid_Small	0	-0.191213608	-35.180706	0	-0.191213608	11.7127151	40	0.01	1484.15735	0
BulletImpact_Tyranid_Small_Dual	0	-0.191213608	-35.4743347	0	-0.191213608	11.7127151	40	0.01	1493.45056	0
BulletImpact_Tyranid_Stranglethorn	0	-0.191213608	-75.6614761	0	-0.191213608	31.54284	40	0.01	3392.97217	0
BulletImpact_Tyranid_Stranglethorn_Dual	0	-0.191213608	-32.5348129	0	-0.191213608	10.1111736	40	0.01	1349.72778	0
BulletImpact_ValkyrieMissile	-1.88738775	0.160000026	-37.7155533	-1.88738775	0.160000026	16.0637646	40	0.01	1702.09314	0
BulletImpact_Webber	0.07852912	0.0906463861	-17.05907	0.07852912	0.0906463861	7.825335	40	0.01	787.5811	0
BulletImpactBurst_Blood	-0.238114834	-0.213423252	-35.4673576	-0.238114834	-0.213423252	11.2933273	40	0.01	1479.9563	0
BulletImpactBurst_crowd	0.0499997139	-1.0544157	-24.903162	0.0499997139	-1.0544157	5.895	40	0.01	974.7491	0
BulletTrail	1.37607	-1.02645969	-47.2127953	1.37607	-1.02645969	2.53651285	40	0.01	1574.545	0
BulletTrail_Single	1.90019751	-4.63896	-43.8581924	1.90019751	-4.63896	2.39630556	40	0.01	1463.93567	0
BulletTrail_Stormraven	-11.6125011	4.747502	-62.3924866	-11.6125011	4.747502	0.3601818	40	0.01	1986.096	0
BulletTrail_Stormraven_Single	0.360179663	9.747502	-78.88768	0.360179663	9.747502	29.8600178	40	0.01	3441.81934	0
CamouflageEffect	0	0.0260001421	-9.479216	0	0.0260001421	0.105999947	40	0.01	303.3681	0
CamouflageEffect New	0	-1.29999971	-31.0922871	0	-1.29999971	-0.007998943	40	0.01	983.8048	0
CantAttackEffect	0	-1.36299992	-23.3136	0	-1.36299992	1.43051147E-06	40	0.01	737.865845	0
Card_Buff_Hand	0	-0.313920021	-24.5067139	0	-0.313920021	0	40	0.01	775.6273	0
Card_Buff_Hand_Ork	0	-0.313920021	-24.5067139	0	-0.313920021	0	40	0.01	775.6273	0
Card_Buff_Hand_SW	0	-0.313920021	-26.53602	0	-0.313920021	0	40	0.01	839.854065	0
Card_Buff_Sabotage_trigger	0	-0.313920021	-24.5067139	0	-0.313920021	0	40	0.01	775.6273	0
Card_Buff_Tyranid	0	0.364000082	-12.3128519	0	0.364000082	0	40	0.01	389.696655	0
CardDisappear	0	0	-3.885536	0	0	0	40	0.01	122.9756	0
CardPrefab	0	0.712276936	-14.1607885	0	0.712276936	0.006052971	40	0.01	448.374664	0
Chaos_Destroy_Brutal	0.0238995552	0.337286949	-33.2700462	0.0238995552	0.337286949	-0.5	40	0.01	1037.15845	0
Chronomancer_Buff	0	0.229000092	-14.663765	0	0.229000092	-0.0929999352	40	0.01	461.158661	0
CodexEffect	0	0.009999752	-20.2591	0	0.009999752	0	40	0.01	641.1921	0
CodexIdleEffect	0	0.009999752	-20.2591	0	0.009999752	0	40	0.01	641.1921	0
ComboEffect	0	-0.0568707	-19.9648571	0	-0.0568707	0.103263378	40	0.01	635.1477	0
CompanionEffect	0	-1.12638569	-23.3099556	0	-1.12638569	0.00326442719	40	0.01	737.85376	0
ConcussiveEffect	0	-0.655670166	-76.16727	0	-0.655670166	0	40	0.01	2410.66235	0
CoordinatedEngagement	0	0.3325565	-83.99126	0	0.3325565	-8.633892	40	0.01	2385.0293	0
Cosmic Serpent	-0.0189595222	0.4499998	-27.4801331	-0.0189595222	0.4499998	1.849	40	0.01	928.2549	0
Cosmic Serpent_Secondary	-0.0189595222	0.4499998	-27.4801331	-0.0189595222	0.4499998	1.849	40	0.01	928.2549	0
CreateCard	2.5	2.06210041	-63.50827	2.5	2.06210041	-0.211899757	40	0.01	2003.304	0
CreateCard BlackLegion	2.5	2.06210041	-63.50827	2.5	2.06210041	-0.211899757	40	0.01	2003.304	0
CreateCard DA	2.5	2.06210041	-63.50827	2.5	2.06210041	-0.211899757	40	0.01	2003.304	0
CreateCard EC	2.49999952	5.6121	-40.3242226	2.49999952	5.6121	-0.211900234	40	0.01	1269.53845	0
CreateCard EC Elixir	2.49999952	3.08934975	-45.9997177	2.49999952	3.08934975	-0.211900234	40	0.01	1449.16541	0
CreateCard Gold	2.5	2.06210041	-63.50827	2.5	2.06210041	-0.211899757	40	0.01	2003.304	0
CreateCard GSC	2.49999952	5.6121	-40.3242226	2.49999952	5.6121	-0.211900234	40	0.01	1269.53845	0
CreateCard GSC 5x	0	5.43710041	-44.4441757	0	5.43710041	-0.0118999481	40	0.01	1406.263	0
CreateCard Necron	2.49999952	5.6121	-40.3242226	2.49999952	5.6121	-0.211900234	40	0.01	1269.53845	0
CreateCard Orks	2.49999952	5.449849	-40.665947	2.49999952	5.449849	-0.211900234	40	0.01	1280.35388	0
CreateCard Orks 1	2.49999952	5.449849	-40.665947	2.49999952	5.449849	-0.211900234	40	0.01	1280.35388	0
CreateCard Sabotage	0	3.52361	-14.2534676	0	3.52361	-0.07105327	40	0.01	448.867523	0
CreateCard_Tau	2.5	2.06210041	-63.50827	2.5	2.06210041	-0.211899757	40	0.01	2003.304	0
CrueltyEffect	-0.042963028	0.447319031	-137.198227	-0.042963028	0.447319031	0.109033585	40	0.01	4345.718	0
Cryptek_Stun	0	0.229000092	-19.5206852	0	0.229000092	-0.0929999352	40	0.01	614.8782	0
Cut Axe SW	-0.409517765	-0.5303068	-31.643795	-0.409517765	-0.5303068	-7.29560852E-05	40	0.01	1001.51074	0
Cut EC	0.174963	-0.169542313	-29.0072441	0.174963	-0.169542313	0	40	0.01	918.067261	0
Cut EC 3x	-1.01572371	0.4300475	-31.8734722	-1.01572371	0.4300475	0	40	0.01	1008.78223	0
Cut EC Reverse	-0.174963	0.169542313	-29.0072479	-0.174963	0.169542313	0	40	0.01	918.0674	0
Cut EC sword 7x warlord	-0.3682022	0.32330513	-28.6494541	-0.3682022	0.32330513	0	40	0.01	906.743347	0
Cut Termie Lightning Claws	-0.188693047	-0.251153946	-46.4655724	-0.188693047	-0.251153946	-0.252498627	40	0.01	1462.62463	0
Cut Wulfen SW	0.9474282	-0.219926357	-27.7666359	0.9474282	-0.219926357	0	40	0.01	878.8025	0
Cut Wulfen SW Double	0.647697	-0.244363308	-31.2422714	0.647697	-0.244363308	0	40	0.01	988.804932	0
Cut Wulfen SW Reverse	-0.797718048	-0.55644846	-27.8928	-0.797718048	-0.55644846	0	40	0.01	882.795532	0
Cuts Brutal	0.06521368	0.281662464	-35.7183	0.06521368	0.281662464	0	40	0.01	1130.46936	0
Cuts Brutal_Warp Spider	-0.0309486389	0.0149621964	-35.6587067	-0.0309486389	0.0149621964	0.0005054474	40	0.01	1128.59937	0
DaIrongobEffect	0	-0.400886059	-32.49307	0	-0.400886059	-0.00173521042	40	0.01	1028.33716	0
Death Cult Strike	0.360222816	-0.009130955	-29.3940887	0.360222816	-0.009130955	0	40	0.01	930.3107	0
Deathspinner Cut Effect	0	0	-3.53583765	0	0	0	40	0.01	111.907791	0
Debuff EC	0	-0.653411865	-29.121748	0	-0.653411865	0	40	0.01	921.6912	0
Debuff_Mana_Tyranid	0	-4.01812	-451.404419	0	-4.01812	0.189994812	40	0.01	14292.7764	0
DeckBuff Grey	-1.31999969	0	-113.2551	-1.31999969	0	3.31100082	40	0.01	3689.26855	0
DeckBuff_BlackLegion	-1.04500008	1.41240025	-104.7921	-1.04500008	1.41240025	0.9790001	40	0.01	3347.61133	0
DeckBuff_Green	-0.6250496	0	-113.353935	-0.6250496	0	6.525049	40	0.01	3794.12	0
DeckBuff_Green 2	-1.04500008	1.41240025	-104.7921	-1.04500008	1.41240025	0.9790001	40	0.01	3347.61133	0
DeckBuff_GSC	-1.04500008	-0.365527153	-79.18327	-1.04500008	-0.365527153	0.9790001	40	0.01	2537.10278	0
DeckBuff_MoveToTop	-2.456623	0	-116.788567	-2.456623	0	6.525049	40	0.01	3902.82471	0
DeckBuff_Orks	-0.379001617	-0.365527153	-78.88003	-0.379001617	-0.365527153	4.42186928	40	0.01	2636.47046	0
DeckBuff_SW	-1.31999969	1.0735302	-115.245773	-1.31999969	1.0735302	3.31100082	40	0.01	3752.27271	0
DeckBuff_Tau	-1.04500008	-0.365527153	-82.0544739	-1.04500008	-0.365527153	3.43450356	40	0.01	2705.69067	0
DeckBuff1	-1.31999969	0	-113.2551	-1.31999969	0	3.31100082	40	0.01	3689.26855	0
Default Tap Floor	0.029733777	-0.7144084	-5.56366444	0.029733777	-0.7144084	0.130634546	40	0.01	180.222214	0
Delightful Agonies Launch Projectile	0	-0.1569376	-37.6311874	0	-0.1569376	0	40	0.01	1191.01147	0
Delightful_Agonies_Projectile	0	-0.1569376	-37.6311874	0	-0.1569376	0	40	0.01	1191.01147	0
Duty Reset	0	-1.3	-19.4276848	0	-1.3	0	40	0.01	614.8782	0
DutyEffect	0	-1.23538542	-17.6120071	0	-1.23538542	0.000264644623	40	0.01	557.421143	0
EarthCrack_Single	0	0	-45.3044739	0	0	1.322	40	0.01	1475.7085	0
Earthquake Rockfall Board	-0.361344337	7.59752131	-44.93155	-0.361344337	7.59752131	-3.03085327	40	0.01	1326.13965	0
Earthquake Rockfall Target	0.000964164734	9.887106	-21.9458	0.000964164734	9.887106	1.03712082E-05	40	0.01	694.5758	0
EC Heldrake Attack	-0.0070258975	0.0633766651	-18.9850845	-0.0070258975	0.0633766651	7.97495461	40	0.01	853.274048	0
EC Heldrake Rally	-13.372551	9.3	-170.702057	-13.372551	9.3	0.617424	40	0.01	5422.191	0
EC Sword Cut Board DMC Style	0.0001296997	2.91999817	-288.4106	0.0001296997	2.91999817	0.060112	40	0.01	9129.979	0
EC Target	0	-1.25	-27.1954918	0	-1.25	0.00326442719	40	0.01	860.829346	0
EC_Sonic Shock	0	0	-28.1429768	0	0	2.43931246	40	0.01	967.916748	0
EC_Sonic Stomp	0	0	-24.4980145	0	0	-0.5231881	40	0.01	758.793335	0
EC_Target_user	0.6653352	0.551730156	-36.0376472	0.6653352	0.551730156	1.441113	40	0.01	1186.18713	0
EC_Target_user Lucius	0.6653352	0.551730156	-36.0376472	0.6653352	0.551730156	1.441113	40	0.01	1186.18713	0
EcstasyEffect	0	-0.9640355	-37.8461456	0	-0.9640355	0	40	0.01	1197.8147	0
Emperors Children Generic Buff	0	0.540500164	-30.675293	0	0.540500164	0	40	0.01	970.8603	0
Emperors Children Generic Buff Record	0	0.540500164	-30.675293	0	0.540500164	0	40	0.01	970.8603	0
Emperors Children Scenario Bombardment	4.31094551	-17.4609756	-152.53569	4.31094551	-17.4609756	-3.68365765	40	0.01	4711.105	0
Emperors Children Summon	0	0.0539999	-24.478878	0	0.0539999	0	40	0.01	774.746338	0
Environmental Condition Astra Militarum Dawn Attack	0.8363037	430.221619	-6287.579	0.8363037	430.221619	1140.93372	40	0.01	235109.344	0
Environmental Condition Astra Militarum Factory Overdrive	241	545.4501	-6017.61768	241	545.4501	949.3267	40	0.01	220500.9	0
Environmental Condition Astra Militarum Planetary Invasion	144.5116	237.4	-3136.81177	144.5116	237.4	1020.24634	40	0.01	131569.172	0
Environmental Condition Black Legion Daemonic Feast	-1.3500061	10.1999969	-735.827759	-1.3500061	10.1999969	41.28	40	0.01	24595.1367	0
Environmental Condition Black Legion Helfire Outburst	-0.225000381	1.86213779	-84.68849	-0.225000381	1.86213779	3.18743515	40	0.01	2781.23657	0
Environmental Condition Black Legion Warp Storm	-2.699997	19.9000015	-687.5756	-2.699997	19.9000015	90.8108	40	0.01	24635.6055	0
Environmental Condition Dark Angels Asteroid Zone	0.342773438	285.749725	-4138.865	0.342773438	285.749725	706.072449	40	0.01	153340.266	0
Environmental Condition Dark Angels Orbiting	467.900024	-457.78833	-8685.115	467.900024	-457.78833	787.8	40	0.01	299813.844	0
Environmental Condition Dark Angels Void Combat	0.343017578	296.105347	-4025.25146	0.343017578	296.105347	754.0372	40	0.01	151262.5	0
Environmental Condition Emperor's Children 1 Green	0.8899994	-3.15000153	-278.996124	0.8899994	-3.15000153	18.8	40	0.01	9425.124	0
Environmental Condition Emperor's Children 1 Pink REJECTED	0.8899994	-3.15000153	-278.996124	0.8899994	-3.15000153	18.8	40	0.01	9425.124	0
Environmental Condition Emperor's Children 2 Fumes	4.84	1.45999908	-152.14093	4.84	1.45999908	18.22384	40	0.01	5391.974	0
Environmental Condition Emperor's Children Empyric Rift	217.6	34.6000061	-1758.92639	217.6	34.6000061	172.0625	40	0.01	61114.9961	0
Environmental Condition Emperor's Children Empyric Rift OLD	217.6	34.6000061	-1758.92639	217.6	34.6000061	172.0625	40	0.01	61114.9961	0
Environmental Condition GSC Mining Tremors	-6.173729	3.82501984	-376.141937	-6.173729	3.82501984	63.32143	40	0.01	13908.833	0
Environmental Condition GSC Sump Overspill	-10.9184113	-2.40730286	-375.0302	-10.9184113	-2.40730286	70.20396	40	0.01	14091.4766	0
Environmental Condition GSC Sump Overspill OLD	-10.9184113	3.82501984	-361.14624	-10.9184113	3.82501984	71.48576	40	0.01	13692.624	0
Environmental Condition GSC Toxic Fumes	-6.173729	3.82501984	-352.1343	-6.173729	3.82501984	71.39893	40	0.01	13404.65	0
Environmental Condition Necrons Earthquake	5.62462234	11.8426113	-136.9391	5.62462234	11.8426113	19.7654057	40	0.01	4959.633	0
Environmental Condition Necrons Immortal Beams	16.29	7.510003	-174.883575	16.29	7.510003	20.5509434	40	0.01	6185.422	0
Environmental Condition Necrons Solar Storm	-8.732994	9.880001	-325.764343	-8.732994	9.880001	25.3562737	40	0.01	11112.8213	0
Environmental Condition Space Wolves Everstorm	-12.3284378	17.9611168	-399.3651	-12.3284378	17.9611168	46.27285	40	0.01	14104.2568	0
Environmental Condition Space Wolves First Light	-70.70001	68.3999939	-1773.93018	-70.70001	68.3999939	240.690033	40	0.01	63761.8945	0
Environmental Condition Space Wolves Full Moon	-95.46054	62.1633224	-604.454468	-95.46054	62.1633224	131.96994	40	0.01	23307.5273	0
EnvironmentalCondition Leviathan Acid Rain	0.9394989	16.2557564	-110.561844	0.9394989	16.2557564	15.7625055	40	0.01	3998.11328	0
EnvironmentalCondition Leviathan Blazing Biomatter	0.258758545	56.03277	-721.974548	0.258758545	56.03277	122.177979	40	0.01	26717.0781	0
EnvironmentalCondition Leviathan Sweeping Infestation	0.258758545	56.03277	-725.761	0.258758545	56.03277	120.686325	40	0.01	26789.707	0
EnvironmentalCondition Saim Hann Blackout	19.0473824	-1.25099945	-265.151367	19.0473824	-1.25099945	48.848156	40	0.01	9937.954	0
EnvironmentalCondition Saim Hann Infinity Circuit Overload	-0.824245453	6.81724453	-82.79154	-0.824245453	6.81724453	14.7335005	40	0.01	3086.627	0
EnvironmentalCondition Saim Hann Webway Rift	-6.36129761	16	-397.2053	-6.36129761	16	84.5945053	40	0.01	15248.7637	0
EnvironmentalCondition Sororitas Disrupted Ceremony	0	3.48045349	-724.202148	0	3.48045349	25.2799988	40	0.01	23720.8	0
EnvironmentalCondition Sororitas Raging Storm	-10.4049988	0.127738953	-268.602875	-10.4049988	0.127738953	49.2903976	40	0.01	10061.19	0
EnvironmentalCondition Sororitas Shrine Bombardment	-9.5	19.5000153	-490.830444	-9.5	19.5000153	92	40	0.01	18446.3418	0
EnvironmentalCondition Tau Electro-Static Interference	30.3500519	63.5683746	-740.418457	30.3500519	63.5683746	183.119553	40	0.01	29229.5957	0
EnvironmentalCondition Tau Radiation Storm	75.47647	107.236565	-772.5721	75.47647	107.236565	240.833176	40	0.01	32073.8555	0
EnvironmentalCondition Tau Solar Eclipse	156.2894	133.341644	235.15921	156.2894	133.341644	400.9	40	0.01	5245.62744	0
EnvironmentalCondition Ultramarines Aerial Clash	5.349991	35.2	-671.8821	5.349991	35.2	45.96187	40	0.01	22719.4629	0
EnvironmentalCondition Ultramarines Bombardment	-10.3999786	52.2302856	-1110.93787	-10.3999786	52.2302856	105.810783	40	0.01	38509.59	0
EnvironmentalCondition Ultramarines Thunderstorm	0	36.74005	-3192.25415	0	36.74005	90.54999	40	0.01	103899.391	0
Execution_BlackLegion	0.1543951	0.150421858	-15.7886047	0.1543951	0.150421858	-0.0548815727	40	0.01	497.96582	0
Explosion Fenrisian Monstrosities	1.453207	0	-142.5754	1.453207	0	0.219999313	40	0.01	4519.415	0
Explosion Fenrisian Monstrosities Extra Damage	-0.06299114	-0.2444768	-20.1445751	-0.06299114	-0.2444768	-1.12009192	40	0.01	602.116943	0
Explosion Hand UI	0	0.7905803	-27.0306129	0	0.7905803	0	40	0.01	855.5077	0
Explosion Hand UI 0,5s delay	-0.2212038	-2.31164837	-35.6947021	-0.2212038	-2.31164837	0.416745663	40	0.01	1142.91235	0
Explosion Hive Fleet Arrival Explosions only	-0.459999084	-23.1483879	-195.848267	-0.459999084	-23.1483879	0.31045723	40	0.01	6208.342	0
Explosion Hive Fleet Arrival Tendrils	0	-26.2435	-201.162186	0	-26.2435	0.3604622	40	0.01	6378.1084	0
Explosion Hive Fleet Arrival Tendrils OLD	-1.13781357	-3.81513214	-232.722092	-1.13781357	-3.81513214	-18.6418343	40	0.01	6775.552	0
Explosion_BombQuick	-0.995941639	0.124734409	-3.39901948	-0.995941639	0.124734409	0.131070316	40	0.01	111.725876	0
Explosion_BombQuick_triple	0.921254337	-1.07526565	-4.06358767	0.921254337	-1.07526565	0.299745739	40	0.01	138.097687	0
Explosion_ConcealedExplosives	-0.668930531	-1.07526565	-17.70543	-0.668930531	-1.07526565	-0.8360584	40	0.01	533.9086	0
Explosion_Debris	-0.120410919	-0.97387886	-71.43217	-0.120410919	-0.97387886	-1.69041729	40	0.01	2207.29761	0
Explosion_Debris_UI	2.08219719	-0.97387886	-65.4041061	2.08219719	-0.97387886	-0.3486128	40	0.01	2058.97949	0
Explosion_gauss	0	0	-29.1415272	0	0	0	40	0.01	922.3172	0
Explosion_gauss_yellow	0	0	-29.1415272	0	0	0	40	0.01	922.3172	0
Explosion_Ground	0	0	-27.3629322	0	0	0	40	0.01	866.025452	0
Explosion_GroundBreak	-0.00395965576	5.668824	-81.6856842	-0.00395965576	5.668824	-0.308252335	40	0.01	2575.562	0
Explosion_Possession	0	0.199999809	-62.95047	0	0.199999809	0	40	0.01	1992.35632	0
Explosion_Short	0.239539146	0.379858971	-25.4220428	0.239539146	0.379858971	0.105303288	40	0.01	807.9299	0
Factory Overdrive Damage	0	-0.9329243	-13.1218882	0	-0.9329243	0	40	0.01	415.302338	0
Faith UI Gain	0	0.1906147	-62.9406128	0	0.1906147	-0.00173664093	40	0.01	1991.98938	0
Faith UI Trigger	0	0.0236148834	-58.1798134	0	0.0236148834	0.103263855	40	0.01	1844.63525	0
Faith_trigger_unit	0	-1.3380003	-37.3011475	0	-1.3380003	0	40	0.01	1180.5658	0
FastEffect	0	-0.872135162	-43.92583	0	-0.872135162	0	40	0.01	1390.23438	0
FeedingFrenzy	0.0169583559	-0.0519094467	-9.848199	0.0169583559	-0.0519094467	0.0465680361	40	0.01	313.165253	0
Ferocity_RecallToDeck	0	0.0493078232	-39.9923325	0	0.0493078232	0	40	0.01	1265.74072	0
FerocityEffect	0.002486229	-1.26664162	-23.38768	0.002486229	-1.26664162	-0.000424385071	40	0.01	740.19696	0
Fire_Board	0.09994316	2.91290021	-45.84921	0.09994316	2.91290021	0.009465218	40	0.01	1451.408	0
FlameBurst_Sororitas	-0.06896734	0.334650278	-7.48403072	-0.06896734	0.334650278	-0.204	40	0.01	230.409958	0
FlamethrowerBurna	0.8290024	0.5058079	-96.35389	0.8290024	0.5058079	30.0775528	40	0.01	4001.50269	0
FlamethrowerSingleAttack_1	0.8215256	-0.007780075	-95.94214	0.8215256	-0.007780075	30.0804939	40	0.01	3988.564	0
FlamethrowerSingleAttack_2	0.6283989	-0.265735626	-95.21661	0.6283989	-0.265735626	30.8091	40	0.01	3988.66162	0
FlamethrowerSweepAttack_1	0.2543471	0.659103632	-32.2173233	0.2543471	0.659103632	10.1367579	40	0.01	1340.48914	0
FlamethrowerSweepAttack_sororitas	0.138350487	0.6186018	-69.20333	0.138350487	0.6186018	23.5766582	40	0.01	2936.44824	0
FlankEffect	0	-0.9860797	-20.16448	0	-0.9860797	0	40	0.01	638.197449	0
Flayed One Summon	0	0.0539999	-16.31925	0	0.0539999	0	40	0.01	516.4975	0
FlyingEffect	0	1.147881	-27.7696762	0	1.147881	0.00026512146	40	0.01	878.9071	0
Forewarned_Board	0.004658699	0.558426857	-22.8997517	0.004658699	0.558426857	1.07145441	40	0.01	758.6787	0
FrenziedEffect	0	0	-11.6696539	0	0	0.0157346725	40	0.01	369.8377	0
Gain_Sentry	0	-2.52002048	-28.6326618	0	-2.52002048	0	40	0.01	906.211853	0
GainShuriken	0	-0.101870775	-19.5560055	0	-0.101870775	0.103263378	40	0.01	622.2077	0
GatlingSweep	-113.685364	2.86129379	-714.1775	-113.685364	2.86129379	118.70256	40	0.01	26360.3086	0
Generic Tap Material	-0.206589818	-1.68840265	-8.24881649	-0.206589818	-1.68840265	0.412262619	40	0.01	274.119568	0
Godspear Warhead Full	2.3639164	0.0541152954	-160.530518	2.3639164	0.0541152954	0.6882534	40	0.01	5102.507	0
Goff_GreatestWarboss	-0.07654381	-14.4293957	-86.72943	-0.07654381	-14.4293957	-0.0457496643	40	0.01	2743.50244	0
Goff_ProperKilly	0	0.9542165	-34.3123169	0	0.9542165	0.1843319	40	0.01	1091.80444	0
Goff_ProphetOfDaWaaagh	-0.07654381	-13.6992626	-88.15616	-0.07654381	-13.6992626	-0.0457496643	40	0.01	2788.65771	0
Goff_Rok_Invasion	14	0.0999984741	-308.4461	14	0.0999984741	-9	40	0.01	9477.346	0
Goff_UnbridledCarnageEffect	0	0	-40.22351	0	0	0	40	0.01	1273.05737	0
Goff_Waaagh	0	-1.20073843	-25.8821411	0	-1.20073843	1.41036558	40	0.01	863.7965	0
Goff_WaaaghRed	0	-1.0999999	-25.7019444	0	-1.0999999	1.41036558	40	0.01	858.0934	0
Goff_WaaaghRed_skulls	0	-1.20000029	-28.2910423	0	-1.20000029	1.145	40	0.01	931.63855	0
GreenSummonCircle	0	0.120928288	-23.4396286	0	0.120928288	0	40	0.01	741.854553	0
GSC RecallToHand	0	-1.01399994	-43.736908	0	-1.01399994	0	40	0.01	1384.255	0
GSC Rockfall	0	0.9909382	-24.9108982	0	0.9909382	0	40	0.01	788.419556	0
GSC Sabotage Use	0	-1.12199974	-47.67717	0	-1.12199974	0	40	0.01	1508.96265	0
GSC Summon	0	0.0539999	-16.31925	0	0.0539999	0	40	0.01	516.4975	0
GuardSummon	0	0.0520000458	-16.17594	0	0.0520000458	0	40	0.01	511.9618	0
Hammer_Slam_SW	9.15527344E-05	10.5598736	-57.450634	9.15527344E-05	10.5598736	-0.8882165	40	0.01	1790.177	0
Hammer_Throw_SW	0.805876255	-0.220826387	-13.9997883	0.805876255	-0.220826387	0	40	0.01	443.0875	0
Healing_Circles	0	1.3885088	-30.2590866	0	1.3885088	1.60550737	40	0.01	1008.50116	0
Healing_Projectile	0	0	-48.8069725	0	0	4	40	0.01	1671.31885	0
Healing_Projectile_Frost	0	0	-48.8069725	0	0	4	40	0.01	1671.31885	0
Healing_Projectile_Green	0	0	-48.8069725	0	0	4	40	0.01	1671.31885	0
Healing_Projectile_Ork	0	0	-48.8069725	0	0	4	40	0.01	1671.31885	0
HeldrakeStrike	-13.372551	9.3	-170.702057	-13.372551	9.3	0.617424	40	0.01	5422.191	0
Helfire Burst Target	0	-0.0870342255	-71.9139938	0	-0.0870342255	-0.06425953	40	0.01	2274.01416	0
Helspear_Assault_Buff	0	-0.206399918	-70.18341	0	-0.206399918	0	40	0.01	2221.276	0
HeroOfTheEmpire OLD	-0.126256227	-0.497027874	-20.3873367	-0.126256227	-0.497027874	-0.0294759274	40	0.01	644.3178	0
HeroRespiteEffect	0.1910162	-1.085993	-24.35102	0.1910162	-1.085993	0.101224422	40	0.01	773.903442	0
Hexmark_Artifice_Deal1	0.41293335	-0.8842466	-136.264038	0.41293335	-0.8842466	59.81954	40	0.01	6205.96338	0
Hive Fleet Ground Growth	0.794537067	-1.29399967	-40.4719124	0.794537067	-1.29399967	0	40	0.01	1280.91931	0
Hunta Rig Harpoon Hand	0	-1.04	-165.723511	0	-1.04	0	40	0.01	5245.08057	0
HuntMark_DamageEffect	0	0.08001232	-59.8231621	0	0.08001232	11.3537855	40	0.01	2252.721	0
HuntMark_EndEffect	0	1.38001156	-60.3838425	0	1.38001156	11.1414165	40	0.01	2263.74463	0
HuntMark_IdleEffect	0	1.38001156	-59.80257	0	1.38001156	11.2958269	40	0.01	2250.23486	0
HuntMark_StackEffect	0	1.38001156	-63.87971	0	1.38001156	10.0649519	40	0.01	2340.31787	0
HuntMark_StartEffect	0	1.38001156	-63.87971	0	1.38001156	10.0649519	40	0.01	2340.31787	0
HuntMark_User	0	-1.29999971	-31.0846825	0	-1.29999971	0	40	0.01	983.817261	0
Immortal Beam	0	-0.200000763	-103.644814	0	-0.200000763	0	40	0.01	3280.31543	0
Impact_blunt_lightning	-0.74376297	-0.0120196342	-33.4375076	-0.74376297	-0.0120196342	0	40	0.01	1058.2832	0
Impact_blunt_lightning_Big	-0.74376297	-0.0120196342	-33.4375076	-0.74376297	-0.0120196342	0	40	0.01	1058.2832	0
Impact_blunt_lightning_Big_Recoil	-0.74376297	-0.0120196342	-33.4375076	-0.74376297	-0.0120196342	0	40	0.01	1058.2832	0
Impact_Ground_Stomp	0	-0.669014	-24.6829433	0	-0.669014	-0.0599999428	40	0.01	779.3059	0
Impact_Ground_Stomp_Big	0	-1.30000019	-62.3685875	0	-1.30000019	-0.199999809	40	0.01	1967.61	0
Infernal_Gaze	0	0.291600227	-23.3132172	0	0.291600227	0	40	0.01	737.8537	0
Infinity Circuit	0	0	-79.28068	0	0	1.95500088	40	0.01	2571.07568	0
InspiredRetributionEffect	0	2.19182968	-47.2091446	0	2.19182968	-0.00173521042	40	0.01	1494.095	0
Invoke Minion Card Fade Default	0	0	-2.71987534	0	0	0	40	0.01	86.0829239	0
Invoke Minion Card Fade Legendary	-0.000194549561	0.0351042747	-14.0491056	-0.000194549561	0.0351042747	-0.0520015955	40	0.01	443.0025	0
Invoke Minion Hits Ground	0.5043154	-0.412548065	-48.10659	0.5043154	-0.412548065	2.054009	40	0.01	1587.56213	0
Invoke Minion Hits Ground Legendary	0.2088995	0.06960392	-53.29456	0.2088995	0.06960392	2.05734921	40	0.01	1751.865	0
Invoke Minion Legendary ALT	0.269399643	0.06960392	-51.8649559	0.269399643	0.06960392	2.5852046	40	0.01	1723.325	0
InvulnerableEffect	0	-1.28500032	-38.8557625	0	-1.28500032	1.43051147E-06	40	0.01	1229.7688	0
InvulnerableEffectDark	0	-0.91350174	-33.3710136	0	-0.91350174	1.43051147E-06	40	0.01	1056.17871	0
InvulnerableEffectGSC	6.10351563E-05	-1.28499985	-58.2832642	6.10351563E-05	-1.28499985	-4.76837158E-05	40	0.01	1844.63965	0
InvulnerableEffectGuard	0	-1.22200012	-58.2834549	0	-1.22200012	9.536743E-07	40	0.01	1844.64722	0
InvulnerableEffectSW	0	-1.28500032	-38.8557625	0	-1.28500032	1.43051147E-06	40	0.01	1229.7688	0
InvulnerableEffectTau	0	-1.28499985	-58.2834549	0	-1.28499985	9.536743E-07	40	0.01	1844.64722	0
InvulnerableEffectTyranid	0	-1.28499985	-58.2834549	0	-1.28499985	9.536743E-07	40	0.01	1844.64722	0
Jammed Communications damage	0	-1.22624969	-34.042305	0	-1.22624969	0	40	0.01	1077.4248	0
KhaineBuff	0	-1.31999969	-46.6527061	0	-1.31999969	0	40	0.01	1476.5387	0
Kroot_Summon_quick	0	-2.6760006	-74.6022949	0	-2.6760006	0	40	0.01	2361.13159	0
Laser_Red	0	-1.31500053	-284.9077	0	-1.31500053	91.56239	40	0.01	11915.1221	0
Lasrifle Offscreen Target	20.75163	0.900023341	-220.533234	20.75163	0.900023341	66.96436	40	0.01	9099.179	0
Lasrifle_3shots	0	-1.31500053	-332.977448	0	-1.31500053	115.311005	40	0.01	14188.1436	0
Lasrifle_auto	0	-1.31500053	-256.617126	0	-1.31500053	77.2928	40	0.01	10568.11	0
Lasrifle_auto OLD	0	-1.31500053	-332.977478	0	-1.31500053	115.31102	40	0.01	14188.1455	0
Lasrifle_basic	0	-1.31500053	-210.464111	0	-1.31500053	52.8711281	40	0.01	8334.451	0
Lasrifle_basic OLD	0	-1.31500053	-327.8695	0	-1.31500053	112.812393	40	0.01	13947.4	0
Lasrifle_hellpistol	0	-1.31500053	-332.424255	0	-1.31500053	115.040649	40	0.01	14162.0791	0
Lasrifle_Hotshot_2shots	3.81469727E-05	-1.31512451	-211.474731	3.81469727E-05	-1.31512451	53.4266624	40	0.01	8384.02	0
Lasrifle_Hotshot_3shots	3.81469727E-05	-1.31502914	-211.474823	3.81469727E-05	-1.31502914	53.4266624	40	0.01	8384.022	0
Lasrifle_Hotshot_auto_burst	0	-1.31500053	-271.294922	0	-1.31500053	84.71524	40	0.01	11267.5742	0
Lasrifle_Hotshot_basic	0	-1.31500053	-211.475479	0	-1.31500053	53.4265556	40	0.01	8384.04	0
Lasrifle_Hotshot_pistol	0	-1.31500053	-210.0542	0	-1.31500053	52.6456261	40	0.01	8314.34	0
Lasrifle_laspistol	0	-1.31500053	-270.557739	0	-1.31500053	84.34242	40	0.01	11232.4424	0
Lasrifle_laspistol OLD	0	-1.31500053	-332.424255	0	-1.31500053	115.040649	40	0.01	14162.0791	0
Lasrifle_laspistol_quick	0	-1.31500053	-255.534119	0	-1.31500053	76.69238	40	0.01	10514.8311	0
Lasrifle_laspistol_Ursula_AA	0	-1.31500053	-201.521317	0	-1.31500053	47.89861	40	0.01	7894.037	0
Lasrifle_offscreen	31.0524483	-0.3079958	-251.489655	31.0524483	-0.3079958	69.71176	40	0.01	10165.8916	0
Lasrifle_offscreen_1x	23.0556736	-2.98070765	-189.426819	23.0556736	-2.98070765	43.2633667	40	0.01	7364.548	0
Lasrifle_offscreen_5x	17.0061989	1.07373428	-260.666962	17.0061989	1.07373428	68.21244	40	0.01	10408.8965	0
Lightning burst webway	0	1.13046169	-64.98733	0	1.13046169	-0.8227539	40	0.01	2030.7821	0
Lightning_Green	-0.390000343	11.1189137	-66.34073	-0.390000343	11.1189137	-0.00174331665	40	0.01	2099.60156	0
LongRange_GainTrait	0	-1.46999979	-43.7369041	0	-1.46999979	1.43051147E-06	40	0.01	1384.25488	0
LongRange_LoseTrait	-0.3885398	0.0199146271	-12.5610695	-0.3885398	0.0199146271	-0.303428531	40	0.01	387.949249	0
MarkerlightExpire	0	-1.06996584	-17.998539	0	-1.06996584	-0.03999877	40	0.01	568.3804	0
MarkerlightIdle	0	-1.283	-31.2356815	0	-1.283	-0.150998592	40	0.01	983.817261	0
MarkerlightProcEffect	0	-1.01136684	-23.8594151	0	-1.01136684	-0.03999853	40	0.01	753.874634	0
MarkerlightSource	0	0.04699993	-67.97027	0	0.04699993	-0.029999733	40	0.01	2150.28125	0
MarkerlightTriggerDamage	0	-0.656366348	-20.6745644	0	-0.656366348	-0.03999877	40	0.01	653.075439	0
MarkOfKhorne_enchantment	0	-3.14812469	-60.19285	0	-3.14812469	0	40	0.01	1905.07874	0
MarkOfNurgle_enchantment	0	-1.0495	-18.14254	0	-1.0495	0	40	0.01	574.203857	0
MarkOfSlaanesh_enchantment	-0.0100564957	-0.6324961	-7.972947	-0.0100564957	-0.6324961	0.04370761	40	0.01	253.723785	0
MarkOfTzeentch_enchantment	0.505144	-0.2668388	-11.1567926	0.505144	-0.2668388	-0.00873267651	40	0.01	352.831451	0
MasterOfExecutions	0.0375843048	0.526890755	-46.63252	0.0375843048	0.526890755	-0.00607395172	40	0.01	1475.70764	0
MegaBlasta	0	-1.31500053	-167.259186	0	-1.31500053	28.4575367	40	0.01	6194.353	0
MegaBlasta_Small	-1.41411257	-0.146113157	-108.770126	-1.41411257	-0.146113157	5.05453873	40	0.01	3602.50366	0
Meteor Angled	0	0	-498.224945	0	0	0	40	0.01	15768.6123	0
Mining_Laser	0	-1.31500053	-145.119034	0	-1.31500053	8.895632	40	0.01	4874.50049	0
MobEffect	0	-1.30000019	-29.9446125	0	-1.30000019	0	40	0.01	947.734558	0
MoreDakkaEffect	0	-0.3874359	-20.8404636	0	-0.3874359	-0.00173544884	40	0.01	659.537048	0
Necron_Regenerate	0	0.2706132	-19.76361	0	0.2706132	-0.614522934	40	0.01	606.060669	0
NecronGauss	0	-1.31500053	-285.794434	0	-1.31500053	92.006134	40	0.01	11957.2314	0
NecronGauss_Damaged Hexmark	-0.5	-1.18250036	-142.746826	-0.5	-1.18250036	59.441967	40	0.01	6399.192	0
NecronGauss_Deathmark	92.12117	-1.43249989	-471.414825	92.12117	-1.43249989	150.871674	40	0.01	19695.11	0
NecronGauss_Double	0	-1.31500053	-275.09967	0	-1.31500053	84.77132	40	0.01	11389.7676	0
NecronGauss_Hexmark	-0.5	-1.43249989	-142.746826	-0.5	-1.43249989	59.441967	40	0.01	6399.192	0
NecronGauss_Imotekh_AA	0	-1.31500053	-206.509567	0	-1.31500053	50.68642	40	0.01	8140.146	0
NecronGauss_Large	0	-1.31499958	-198.840881	0	-1.31499958	77.7799149	40	0.01	8754.934	0
NecronGauss_Tesla	0	-1.43249893	-275.847839	0	-1.43249893	66.85109	40	0.01	10846.2783	0
NecronGauss_Tesla_Annihilation Barge	0	-1.43249893	-276.4992	0	-1.43249893	66.85109	40	0.01	10866.8955	0
NecronGauss_Trilinked	0	-1.43249893	-244.029617	0	-1.43249893	70.75609	40	0.01	9962.837	0
NecronGauss_Twinlinked	0	-1.31500053	-244.029617	0	-1.31500053	70.75609	40	0.01	9962.837	0
Necrons death explosion	-0.08940458	1.98548174	-36.4042778	-0.08940458	1.98548174	2.44777822	40	0.01	1229.65137	0
NephilimShadow_Flyover	-0.8200035	0.100000381	-178.4743	-0.8200035	0.100000381	1.54999924	40	0.01	5697.695	0
Njal Blizzard Attack	15	0	-171.264191	15	0	20.8883915	40	0.01	6081.55	0
NoMukkinAboutEffect	149.06897	2.784953	-491.149536	149.06897	2.784953	0.138694763	40	0.01	15549.0693	0
Oath_Effect	0	-1.3380003	-37.3011475	0	-1.3380003	0	40	0.01	1180.5658	0
Offensive_Sweeping_Infestation_Target	0.631409168	0	-31.13071	0.631409168	0	0.7545099	40	0.01	1009.15393	0
Offensive_Thunderstorm Target	0	-16.23864	-139.518463	0	-16.23864	0.495500565	40	0.01	4431.384	0
Orbital 3 repeat	0	-31.1296082	-644.7876	0	-31.1296082	0	40	0.01	20407.26	0
Orbital 4 repeat	0	-31.1296082	-645.303467	0	-31.1296082	0	40	0.01	20423.5879	0
Orbital Bombardment Enemy Warlord	1.9500041	31.95	-212.738113	1.9500041	31.95	-10.2200165	40	0.01	6409.614	0
Orbital Bombardment Target	1.9500041	30.95	-211.738113	1.9500041	30.95	-9.22001648	40	0.01	6409.614	0
Ork Environmental Condition Dust	-3.386856	13.1913738	-295.022583	-3.386856	13.1913738	-1.47394562	40	0.01	9290.693	0
Ork Environmental Condition Spore Clouds	0.6100006	2.05999947	-132.198822	0.6100006	2.05999947	7.80087471	40	0.01	4430.932	0
Ork_Rocket	0.1130867	-0.168959618	-73.0288544	0.1130867	-0.168959618	5.22450638	40	0.01	2476.68652	0
Ork_RocketDown	46.80327	1.51909637	-195.04216	46.80327	1.51909637	25.3172169	40	0.01	6974.28271	0
Ork_RocketUp	44.3507233	5.6382494	-199.26178	44.3507233	5.6382494	24.31358	40	0.01	7076.06738	0
Ork_Squiggoth_Charge	9.393692E-05	-1.00499415	-4.48867	9.393692E-05	-1.00499415	0	40	0.01	142.064529	0
Ork_StormboyzStrike	75.6172943	14.5685692	-448.249084	75.6172943	14.5685692	22.27486	40	0.01	14891.8887	0
Ork_Target	0	-1.25	-27.1954918	0	-1.25	0.00326442719	40	0.01	860.829346	0
Ork_Trampla_Charge	9.393692E-05	-1.00499415	-4.48867	9.393692E-05	-1.00499415	0	40	0.01	142.064529	0
OrkBuff_KrumpDaGitz	0	-1.25	-54.39425	0	-1.25	0.00326442719	40	0.01	1721.65869	0
OrkBuff_Recall	0	-1.47000027	-44.38162	0	-1.47000027	0.0120000839	40	0.01	1405.03955	0
OrkBuff_Snakebitez_1	0	-1.25	-29.941349	0	-1.25	0.00326442719	40	0.01	947.734558	0
OrkBuff_Snakebitez_1_2D_SFX	0	-1.25	-29.941349	0	-1.25	0.00326442719	40	0.01	947.734558	0
OrkBuff_Snakebitez_1_NoIcon	0	-1.25	-29.941349	0	-1.25	0.00326442719	40	0.01	947.734558	0
OrkBuff_Snakebitez_1_Quick	0	-1.25	-31.0810318	0	-1.25	0.00326442719	40	0.01	983.805054	0
OrkBuff_Snakebitez_2	0	-0.935400963	-64.54751	0	-0.935400963	0.0120000839	40	0.01	2043.28174	0
OrkBuff_Snakebitez_2_Intense	0	-0.892800331	-64.62765	0	-0.892800331	0.0120000839	40	0.01	2045.818	0
OrkBuffGreenWaaagh	0.0541081429	-1.11149979	-20.7115345	0.0541081429	-1.11149979	0.0533905029	40	0.01	657.201233	0
Pack_WhileInPlay	0	-1.31	-23.3134842	0	-1.31	0	40	0.01	737.8621	0
PathOfCommand_buff	0.332571268	0.742378	-19.2307129	0.332571268	0.742378	0.401941538	40	0.01	621.365356	0
PathOfTheSeer	0	-1.46999979	-43.736908	0	-1.46999979	0	40	0.01	1384.255	0
PathOfTheSeer_BG-effect	0	-1.46999979	-43.736908	0	-1.46999979	0	40	0.01	1384.255	0
PathOfTheSeerGreen	0	-1.46999979	-43.736908	0	-1.46999979	0	40	0.01	1384.255	0
PathOfTheSeerRed	0	-1.46999979	-43.736908	0	-1.46999979	0	40	0.01	1384.255	0
PathOfTheWarrior_Projectile	0	-0.07454419	-19.77028	0	-0.07454419	0	40	0.01	625.7212	0
PenitenceEffect	0	0.411	-20.2943764	0	0.411	0.0179998875	40	0.01	642.8783	0
PinDownEffect	0	-1.29899979	-31.0843067	0	-1.29899979	1.43051147E-06	40	0.01	983.8055	0
Plasma_basic OLD	0.9431124	0.303112984	-88.74784	0.9431124	0.303112984	10.4150715	40	0.01	3138.46484	0
Plasma_basic_blue	-0.239102125	-1.11214733	-131.732788	-0.239102125	-1.11214733	30.4150677	40	0.01	5131.9126	0
Plasma_basic_blue_double	0.754102	-1.11214733	-131.849365	0.754102	-1.11214733	30.4150639	40	0.01	5135.602	0
Plasma_basic_blue_triple	0.754102	-1.11214733	-131.849365	0.754102	-1.11214733	30.4150639	40	0.01	5135.602	0
Plasma_basic_blue_twinlink	0.75410223	-1.11214733	-131.978088	0.75410223	-1.11214733	30.4150677	40	0.01	5139.67627	0
Plasma_basic_burst_turqoise	2.49652243	-0.104195595	-132.540833	2.49652243	-0.104195595	30.2805767	40	0.01	5153.23047	0
Plasma_basic_pink	0.6457019	-1.22054768	-131.9065	0.6457019	-1.22054768	30.4150677	40	0.01	5137.41	0
Plasma_basic_pink OLD	0.9431124	0.303112984	-88.74784	0.9431124	0.303112984	10.4150715	40	0.01	3138.46484	0
Plasma_basic_red	0.6457019	-1.22054768	-131.9065	0.6457019	-1.22054768	30.4150677	40	0.01	5137.41	0
Plasma_basic_turqoise	0.6457019	-1.22054768	-131.9065	0.6457019	-1.22054768	30.4150677	40	0.01	5137.41	0
Plasma_basic_yellow	0.6457019	-1.22054768	-131.9065	0.6457019	-1.22054768	30.4150677	40	0.01	5137.41	0
Plasma_blue_pointblank	0	0	-93.7528839	0	0	-0.5	40	0.01	2951.415	0
Plasma_blue_pointblank_double	0	0	-93.7528839	0	0	-0.5	40	0.01	2951.415	0
Plasma_triple_Azrael_AA	-0.5169487	-0.3212471	-97.7927551	-0.5169487	-0.3212471	37.8934479	40	0.01	4294.412	0
Plasmancer_Damage	0	0.6040001	-18.9435444	0	0.6040001	-0.0929999352	40	0.01	596.6119	0
Possession_self	0	0.139999866	-44.0653267	0	0.139999866	0	40	0.01	1394.64929	0
Pray_Exit	0	-1.3380003	-37.3011475	0	-1.3380003	0	40	0.01	1180.5658	0
Pray_Idle	0	-1.3380003	-37.3011475	0	-1.3380003	0	40	0.01	1180.5658	0
Pray_Start	-0.0388011932	10.2685137	-93.579895	-0.0388011932	10.2685137	-0.0568351746	40	0.01	2959.96582	0
Pray_Success	-0.000370025635	10.2103014	-93.43689	-0.000370025635	10.2103014	-0.005212784	40	0.01	2957.074	0
Protocol Base	0	0.00799942	-17.665062	0	0.00799942	-0.85950017	40	0.01	531.889038	0
Psychic_Lightning	0	0	-50.1952477	0	0	12.4452162	40	0.01	1982.54468	0
Psychic_Lightning_blast	0.016340971	0.307775021	-13.7402077	0.016340971	0.307775021	-0.02186656	40	0.01	434.179779	0
Psychic_Lightning_blast_chaos	0.016340971	0.307775021	-13.7402077	0.016340971	0.307775021	-0.02186656	40	0.01	434.179779	0
Psychic_Lightning_chaos	0	0.190614462	-53.8941956	0	0.190614462	21.2458019	40	0.01	2378.15	0
Psychic_Lightning_down	0	4.574151	-35.94475	0	4.574151	0	40	0.01	1137.63647	0
Psychic_Lightning_down_Intense_white	0	-24.439621	-180.329315	0	-24.439621	0	40	0.01	5707.34766	0
Psychic_Lightning_down_Waaagh_Green	0	-24.439621	-180.329315	0	-24.439621	0	40	0.01	5707.34766	0
Psychic_Lightning_Genestealer	0	0	-34.024456	0	0	10.7497759	40	0.01	1417.08582	0
Psychic_Lightning_Genestealer_Benefictus	0	0	-30.3209877	0	0	8.90836048	40	0.01	1241.59253	0
Psychic_Lightning_NornEmissary	0	0	-46.5372276	0	0	13.8919249	40	0.01	1912.55762	0
Psychic_Lightning_Purple	0	0	-50.1952477	0	0	12.4452162	40	0.01	1982.54468	0
Psychic_Lightning_Red	0	0	-50.1952477	0	0	12.4452162	40	0.01	1982.54468	0
Psychic_Lightning_Swarmlord	0	0	-45.065403	0	0	13.1532316	40	0.01	1842.5957	0
Psychic_Lightning_Tyranid	0	0	-45.065403	0	0	13.1532316	40	0.01	1842.5957	0
Psychic_Lightning_Waaagh	-0.781479955	0.550722063	-43.88369	-0.781479955	0.550722063	20.2172985	40	0.01	2028.76965	0
Psychic_Lightning_Waaagh_Board	-0.2879424	16.1500053	-37.2874146	-0.2879424	16.1500053	-0.0479898453	40	0.01	1178.6123	0
Psychic_Lightning_warlord_chaos	0.114379644	0.08648229	-15.7562227	0.114379644	0.08648229	0.07865143	40	0.01	501.1672	0
Psychic_Lightning_warlord_OLD	-0.0831415653	-0.034226656	-18.7699318	-0.0831415653	-0.034226656	-0.0567216873	40	0.01	592.2653	0
Psychic_Lightning_white	0	0	-50.1952477	0	0	12.4452162	40	0.01	1982.54468	0
Psychomancer_Stun	0	0.5440004	-18.1708145	0	0.5440004	-0.0929999352	40	0.01	572.1553	0
Pulse Onslaught	2.626295	0.5577221	-98.9766541	2.626295	0.5577221	-2.29927635	40	0.01	3059.79883	0
Quest UI Gain	0	-2.4525013	-68.96218	0	-2.4525013	-0.00173664093	40	0.01	2182.56934	0
Quest UI Trigger	0	0	-58.1798134	0	0	0.1032629	40	0.01	1844.63525	0
Railgun turret	-120.1022	0.008699894	-389.3123	-120.1022	0.008699894	0.000124931335	40	0.01	12321.5762	0
RallyEffect	0	0.05987072	-44.6202621	0	0.05987072	-1.43051147E-06	40	0.01	1412.21277	0
Rapacious_Hunger	-2.14576721E-06	0.5319998	-20.1396942	-2.14576721E-06	0.5319998	-0.7119999	40	0.01	614.8785	0
Rapturous Ruination Board	0	0.0999984741	-244.268509	0	0.0999984741	-5.046627	40	0.01	7571.273	0
Recall_Eldar	0	-0.549999952	-13.1248913	0	-0.549999952	-0.0250000954	40	0.01	414.606079	0
Recall_Eldar_2	0	-1.31	-19.427681	0	-1.31	0	40	0.01	614.878052	0
Recall_Eldar_2_quick	0	-1.05235243	-19.90878	0	-1.05235243	0	40	0.01	630.1046	0
Recall_Eldar_2_quick_ground	0	-5.04908848	-29.3202286	0	-5.04908848	0	40	0.01	927.9731	0
Recall_Eldar_2_quick_ground_warlord	0	-1.31	-19.427681	0	-1.31	0	40	0.01	614.878052	0
Recall_Eldar_2_quick_UI	0	-0.9649999	-20.0767651	0	-0.9649999	0	40	0.01	635.421265	0
Recall_Eldar_2_reverse	0	-1.31	-19.427681	0	-1.31	0	40	0.01	614.878052	0
Recall_Generic	0	-1.3380003	-37.3011475	0	-1.3380003	0	40	0.01	1180.5658	0
Recon Enemy Hand	0	0.0149998665	-35.8304825	0	0.0149998665	0	40	0.01	1134.0199	0
Recon Enemy Hand Purple	0	0.0150001049	-27.3940525	0	0.0150001049	0	40	0.01	867.0104	0
Recon Hit	0	-1.3380003	-23.3132172	0	-1.3380003	0	40	0.01	737.8537	0
Recon Hit Purple	0	-1.3380003	-23.3132172	0	-1.3380003	0	40	0.01	737.8537	0
Recon Scan	0	0.04699993	-67.97027	0	0.04699993	-0.029999733	40	0.01	2150.28125	0
Recon Scan 2	0	0.07999992	-68.02027	0	0.07999992	-0.07999992	40	0.01	2150.28125	0
Recon Scan Purple	0	0.04699993	-67.97027	0	0.04699993	-0.029999733	40	0.01	2150.28125	0
RegimentEffect	0	-1.19909239	-15.7283773	0	-1.19909239	0	40	0.01	497.796631	0
Relentless Fusillade	2.43822479	-0.473516464	-105.508553	2.43822479	-0.473516464	-2.28749084	40	0.01	3266.90381	0
Relentless Fusillade sniper	-12.39724	-0.882640839	-143.869278	-12.39724	-0.882640839	15.05843	40	0.01	5029.99561	0
RelentlessEffect	0	0.1906147	-24.9786377	0	0.1906147	-0.00173664093	40	0.01	790.508545	0
RemnantBody3D Aeldari	0	0.0264072418	-77.71071	0	0.0264072418	0	40	0.01	2459.51172	0
RemnantBody3D Necrons	-0.0100002289	-5.15060329	-50.86094	-0.0100002289	-5.15060329	-0.53099966	40	0.01	1592.92175	0
RiftCannon_Laser	0	-1.31500053	-145.483688	0	-1.31500053	9.255438	40	0.01	4897.42871	0
RocketTrail	14.3045683	11.696806	-71.6616	14.3045683	11.696806	13.0283422	40	0.01	2680.40137	0
Rockfall	0	0.9909382	-24.9108982	0	0.9909382	0	40	0.01	788.419556	0
SAU_CardDraw	0	-1.30000019	-37.3008842	0	-1.30000019	0.0002641678	40	0.01	1180.5658	0
Sau_CurseOfThePhaeron	0	-0.7199998	-39.922245	0	-0.7199998	0	40	0.01	1263.52246	0
Sau_DamageProtocol	0	0	-21.38044	0	0	-1.21220016	40	0.01	638.3164	0
Sau_DamageProtocol_OLD	0	0.330000162	-20.4441338	0	0.330000162	0.07150006	40	0.01	649.3113	0
Sau_DamageProtocol_Quick	-0.01702547	0.329999924	-13.6164055	-0.01702547	0.329999924	0.07150006	40	0.01	433.216522	0
Sau_Dimensional_Breach_Battleground	0	5.72999954	-217.441528	0	5.72999954	2.84677887	40	0.01	6972.03369	0
Sau_Dimensional_Breach_Spawn	0	2.23	-35.9596977	0	2.23	-0.162000179	40	0.01	1132.9823	0
Sau_HealProtocol	0	0	-20.426796	0	0	-1.13300037	40	0.01	610.6407	0
Sau_HealProtocol_OLD	0	0.243099213	-19.7742	0	0.243099213	-0.524150133	40	0.01	609.2561	0
Sau_IndomitableWill	0	0.5880002	-9.910921	0	0.5880002	0	40	0.01	313.676544	0
Sau_LordOfTheStorm	0	-0.885290146	-67.9810638	0	-0.885290146	0	40	0.01	2151.57251	0
Sau_MasterChronomancer	0	0.473999977	-15.7541437	0	0.473999977	-0.2119999	40	0.01	491.9024	0
Sau_MethodicalDestruction	0	5.350499	-74.49294	0	5.350499	0	40	0.01	2357.671	0
Sau_ParticleWhip	0	0	-215.879547	0	0	37.4999962	40	0.01	8019.35742	0
Sau_ReconstitutionProtocol	0	1.99100018	-62.1685753	0	1.99100018	0	40	0.01	1967.60962	0
Sau_ResurrectionOrb	0	2.97100067	-116.566093	0	2.97100067	0	40	0.01	3689.26855	0
Sau_SolarPulse	0	0.016998291	-187.825714	0	0.016998291	-1.31999969	40	0.01	5902.828	0
Scarab Explosion	0.191135883	-2.08300781	-47.85899	0.191135883	-2.08300781	0.9730158	40	0.01	1545.5127	0
Scrapcode_aimed_target	0	0.23119998	-26.87463	0	0.23119998	9.845256	40	0.01	1162.16919	0
Scream_gold	0	0.160000086	-12.3128567	0	0.160000086	0	40	0.01	389.6968	0
Scream_purple	0	0.799999952	-12.3128567	0	0.799999952	0	40	0.01	389.6968	0
Scream_purple_nid	0	1.2	-12.3128567	0	1.2	0	40	0.01	389.6968	0
Scream_purple_Quick	0	0.364000082	-12.3128567	0	0.364000082	0	40	0.01	389.6968	0
Scream_Ragnar_Target	0	0.5	-24.6257133	0	0.5	0	40	0.01	779.3936	0
Scream_SW_Ragnar	0	-13.1197281	-85.49965	0	-13.1197281	-0.04501438	40	0.01	2704.60376	0
Screen_Gold	-0.0358901024	1.86482453	-31.5191727	-0.0358901024	1.86482453	3.04302931	40	0.01	1093.87927	0
Screen_Red	0	1.58969617	-34.71482	0	1.58969617	1.75	40	0.01	1154.09656	0
Screen_Top_Green	0	0.8699999	-31.1689911	0	0.8699999	3.51925	40	0.01	1097.86841	0
ScytheAssault	1.68427277	0.009566307	-101.229576	1.68427277	0.009566307	1.2827816	40	0.01	3244.47363	0
ScytheAssaultShadow	-1.15802383	-1.19999981	-104.432	-1.15802383	-1.19999981	0.736124039	40	0.01	3328.52734	0
Sentry_Effect	0	0	-48.8349037	0	0	0.5760002	40	0.01	1563.83459	0
Shadow_Projectile	0	0	-48.8069725	0	0	4	40	0.01	1671.31885	0
Shadow_Projectile_EC	0	0	-48.8069725	0	0	4	40	0.01	1671.31885	0
Shadow_Projectile_GSC_Invulnerable	0	0	-48.8069725	0	0	4	40	0.01	1671.31885	0
ShieldTraitEffect_Idle	0	-1.28499985	-58.104454	0	-1.28499985	0.179001808	40	0.01	1844.64722	0
ShieldTraitEffect_Idle Emperor's Children Variant	0	-0.7535	-59.08987	0	-0.7535	0.179001808	40	0.01	1875.83521	0
ShieldTraitEffect_Idle Necron Variant	0	-1.28499985	-58.104454	0	-1.28499985	0.179001808	40	0.01	1844.64722	0
ShieldTraitEffect_Idle Sororitas Variant	0	-0.7535	-59.08987	0	-0.7535	0.179001808	40	0.01	1875.83521	0
ShieldTraitEffect_Idle TAU Variant	0	-1.28499985	-58.104454	0	-1.28499985	0.179001808	40	0.01	1844.64722	0
Shuriken_Short_Trait	0	0.154999971	-49.5875778	0	0.154999971	19.1946259	40	0.01	2176.92822	0
ShurikenEffect	0	-0.10248518	-19.95327	0	-0.10248518	-0.2939999	40	0.01	622.2077	0
SkorchaAttackEffect	-4.563938	0.07502675	-51.0549469	-4.563938	0.07502675	3.74064159	40	0.01	1734.25769	0
Slash Repeating 2x	0	0.500050068	-18.4898872	0	0.500050068	0.0599999428	40	0.01	587.0962	0
Slash Repeating 5x	0	0.500050068	-18.4898872	0	0.500050068	0.0599999428	40	0.01	587.0962	0
SlayEffect	0	-1.25861454	-37.3011436	0	-1.25861454	0	40	0.01	1180.5658	0
Smoke_Board	-0.239997864	0.6482487	-49.76345	-0.239997864	0.6482487	-0.487534523	40	0.01	1559.56226	0
Smoke_Explosion	6.389618E-05	0.04992485	-77.71071	6.389618E-05	0.04992485	-9.536743E-07	40	0.01	2459.51172	0
Sniper Target	0	0	-7.771072	0	0	0	40	0.01	245.9512	0
SniperPreEffect	0	-0.6543999	-23.7500114	0	-0.6543999	1.4000001	40	0.01	795.9874	0
Solar Beam Target	0	23.1700058	-131.0533	0	23.1700058	17.0606174	40	0.01	4687.744	0
Sororitas Saint Custom summon	0	0	-55.4964867	0	0	0	40	0.01	1756.44067	0
Sororitas Summon Basic	0	0	-55.4684868	0	0	0.0279998779	40	0.01	1756.44067	0
Sororitas Summon Resurrect	0	0	-55.8379974	0	0	0.5055933	40	0.01	1783.25122	0
Sororitas_BladeOfFaith	0	-1.21999979	-54.04119	0	-1.21999979	17.6119938	40	0.01	2267.79346	0
Sororitas_Destroy_Flames	0	12.1259995	-119.566231	0	12.1259995	0	40	0.01	3784.22168	0
Sororitas_Divine Intervention_ Battleground	0	6.88999939	-217.284653	0	6.88999939	2.65839	40	0.01	6961.106	0
Sororitas_Divine Intervention_Target	0	12.1259995	-119.566231	0	12.1259995	0	40	0.01	3784.22168	0
Space Wolves Summon	0	-0.843279839	-55.0683441	0	-0.843279839	0.07177544	40	0.01	1745.16187	0
Space Wolves Summon OLD	0	0.02699995	-27.1987534	0	0.02699995	0	40	0.01	860.8293	0
Space Wolves Summon Wolves	0	-0.843279839	-55.0683441	0	-0.843279839	0.07177544	40	0.01	1745.16187	0
Spore Explosion	0	-1.09600019	-24.8674374	0	-1.09600019	0	40	0.01	787.044067	0
Spore Mine Explosion	0	-1.09600019	-24.8674374	0	-1.09600019	0	40	0.01	787.044067	0
Squig_BigChompaJaws	-9.15527344E-05	0	-1751.39868	-9.15527344E-05	0	0.289001465	40	0.01	55440.1875	0
Squig_Explosion	0	0.450000763	-91.967926	0	0.450000763	0	40	0.01	2910.74683	0
Stealth_Proc	0	0.6349914	-25.4031773	0	0.6349914	0	40	0.01	804	0
Stealth_Proc_Eldar	0	-0.414999962	-25.0524979	0	-0.414999962	0	40	0.01	792.9011	0
Stealth_Proc_UM	0	-1.31	-23.3132172	0	-1.31	0	40	0.01	737.853638	0
StealthEffect	-0.08297753	0.686008453	-7.44325447	-0.08297753	0.686008453	0.128730059	40	0.01	239.650177	0
StimulateEffect	0	-1.41810036	-37.4257851	0	-1.41810036	0	40	0.01	1184.51062	0
StompEffect	0	-1.10938549	-23.3149567	0	-1.10938549	-0.00173521042	40	0.01	737.85376	0
StrikeEffect	-0.0517539978	0.417499661	-10.6586618	-0.0517539978	0.417499661	-0.03999996	40	0.01	336.076233	0
StunEffect	0.04316616	1.97530723	-20.9412365	0.04316616	1.97530723	0.000466823578	40	0.01	662.796265	0
StunEffect_idle	-1.32322311E-05	0.83152926	-6.86593866	-1.32322311E-05	0.83152926	0.597062051	40	0.01	236.200882	0
StunEffect_proc	0.04316616	1.97530723	-20.9412365	0.04316616	1.97530723	0.000466823578	40	0.01	662.796265	0
Summon_Generic	0	0.179656386	-8.029919	0	0.179656386	-0.0394999981	40	0.01	252.893448	0
SW_Axe_Buff	0.5116229	0.8320885	-29.6165562	0.5116229	0.8320885	0.7308421	40	0.01	960.4826	0
SW_Tornado	0.109055519	2.16096115	-48.41667	0.109055519	2.16096115	-0.0382518768	40	0.01	1531.15686	0
Swarm Card Merge VFX	0.03100586	0.00220012665	-37.50815	0.03100586	0.00220012665	-0.206999779	40	0.01	1180.5658	0
Swarm_Trigger_OnTarget	-0.007194519	-1.12059975	-116.467163	-0.007194519	-1.12059975	0.164600372	40	0.01	3691.34668	0
Sword_10x_EC	-0.2179308	1.30881643	-29.3921623	-0.2179308	1.30881643	0.21082449	40	0.01	936.922241	0
Sword_Slash_DA	1.36480188	0.02205658	-28.555891	1.36480188	0.02205658	0	40	0.01	903.7821	0
Sword_Slash_DA_Heavy	1.33671331	0.02205658	-28.6093655	1.33671331	0.02205658	0	40	0.01	905.474548	0
Sword_Slash_EC	-47.13958	1.90734863E-06	-168.1331	-47.13958	1.90734863E-06	-0.09331894	40	0.01	5318.38965	0
Sword_Slash_EC 3x	-47.13958	0.7346201	-168.1893	-47.13958	0.7346201	0	40	0.01	5323.12158	0
Sword_Slash_EC_User	0.420098782	-0.579900742	-21.7114239	0.420098782	-0.579900742	0.348363161	40	0.01	698.183167	0
Sword_Slash_EC_User 3x	0	-0.579900265	-21.914938	0	-0.579900265	0.448363543	40	0.01	707.789246	0
Sword_Slash_EC_User 7x	0	-0.579900265	-21.962492	0	-0.579900265	0.5083635	40	0.01	711.1933	0
Sword_Slash_EC_User Inverted	0.420098782	-0.579900742	-21.7114239	0.420098782	-0.579900742	0.348363161	40	0.01	698.183167	0
Sword_Slash_Simple	-2.14576721E-06	0.5319998	-20.1396942	-2.14576721E-06	0.5319998	-0.7119999	40	0.01	614.8785	0
Sword_Slash_User_DA	-0.592915535	0.248445988	-21.22972	-0.592915535	0.248445988	-0.143440723	40	0.01	667.372	0
Sword_Slash_User_DA No Tween	-0.592915535	0.248445988	-21.22972	-0.592915535	0.248445988	-0.143440723	40	0.01	667.372	0
SynapseEffect	0	-0.154385567	-29.1313782	0	-0.154385567	0.09826374	40	0.01	925.1061	0
SynapseEffect_NoIcon	0	0.8906145	-46.90731	0	0.8906145	-0.0017375946	40	0.01	1484.54187	0
Talent_Warmaster	0	-0.8100004	-48.5965652	0	-0.8100004	0	40	0.01	1538.06116	0
TalentEffect	0	0.0236145258	-8.964452	0	0.0236145258	0.112263441	40	0.01	287.274261	0
Tank_Shot_Small	0.19785881	-0.06515837	-19.49684	0.19785881	-0.06515837	-0.00018620491	40	0.01	617.061	0
Tap Blue Glow	0	0	-7.781989	0	0	0.02849996	40	0.01	247.198746	0
Tap Blue Glow Blink	0	0	-7.781989	0	0	0.02849996	40	0.01	247.198746	0
Tap Fire Eldar	0.3075161	-0.357902884	-8.687581	0.3075161	-0.357902884	0.13730371	40	0.01	279.303925	0
Tap Firepit	0.242468357	-0.0229508877	-9.451954	0.242468357	-0.0229508877	0.5237112	40	0.01	315.725647	0
Tap Firepit 2	0.239531159	-0.0149074793	-9.105329	0.239531159	-0.0149074793	0.5237112	40	0.01	304.755127	0
Tap Floor Grille	0	0	-13.4523687	0	0	0.75	40	0.01	449.499084	0
Tap Green Glow	0	0	-7.781989	0	0	0.02849996	40	0.01	247.198746	0
Tap Hit Metal	0.10600704	-0.7971894	-4.172941	0.10600704	-0.7971894	0.8935158	40	0.01	160.351273	0
Tap Hit Metal Red	-0.155811667	-0.6676003	-4.167386	-0.155811667	-0.6676003	0.460812151	40	0.01	146.480545	0
Tap Hit Metal Small	0.0595095	-0.6993424	-2.27512765	0.0595095	-0.6993424	0.3060985	40	0.01	81.69473	0
Tap Monolith Left Glow	0	0	-55.9610062	0	0	0	40	0.01	1771.14258	0
Tap Monolith Right Glow	0	0	-55.9610062	0	0	0	40	0.01	1771.14258	0
Tap Plasma generator	0	0	-5.804304	0	0	0.0240000486	40	0.01	184.463409	0
Tap Red Glow Eye	0	0	-5.83928633	0	0	0.02849996	40	0.01	185.713013	0
Tap Rock	0.0297338367	-0.7137855	-5.34689665	0.0297338367	-0.7137855	0.2312079	40	0.01	176.5447	0
Tap Squig	0.0362847447	0.0119164884	-3.38925433	0.0362847447	0.0119164884	-0.07335186	40	0.01	104.946938	0
Tap squishy	0.0297338367	-0.7847855	-5.03892946	0.0297338367	-0.7847855	0.302207857	40	0.01	169.044785	0
Tap Toxic Sludge	-0.206589818	-1.7342391	-8.531695	-0.206589818	-1.7342391	0.4275911	40	0.01	283.5577	0
Tap Toxic Sludge green	0.0514786839	-0.527009249	-4.80916739	0.0514786839	-0.527009249	0.631901741	40	0.01	172.207581	0
Tap Webway Portal	0	0	-5.804304	0	0	0.0240000486	40	0.01	184.463409	0
Tau Buff Ranged	-0.022819519	-0.5183182	-91.55251	-0.022819519	-0.5183182	-0.03999901	40	0.01	2896.333	0
Tau Coordinated Engagement	0	3.81469727E-05	-70.36467	0	3.81469727E-05	0	40	0.01	2227.0127	0
Tau_AerialBombardment	16.495369	44.212326	-286.5441	16.495369	44.212326	-26.4200134	40	0.01	8232.819	0
Tau_RailBombardment UNUSED	15.4328508	44.49703	-286.285858	15.4328508	44.49703	-26.4200134	40	0.01	8224.646	0
Tau_SummonCircle	0	0.03999996	-39.0742569	0	0.03999996	0	40	0.01	1236.68408	0
Tau_Vespid_laser	0	-1.31500053	-220.364212	0	-1.31500053	58.2561226	40	0.01	8818.218	0
Technomancer_Buff	0	0.229000092	-17.577919	0	0.229000092	-0.0929999352	40	0.01	553.3904	0
Telepathic_Control_target	0	-1.3380003	-37.3011475	0	-1.3380003	0	40	0.01	1180.5658	0
Telepathic_Control_User	0	-1.3380003	-37.3011475	0	-1.3380003	0	40	0.01	1180.5658	0
Teleport Recall	0	-0.8856578	-39.62562	0	-0.8856578	0	40	0.01	1254.13452	0
Teleport Trait Summon	0.1800003	-2.540001	-238.628967	0.1800003	-2.540001	1.98971176	40	0.01	7615.48145	0
Teleport Trigger Effect Quick	-1.18413162	-0.8906584	-44.5686378	-1.18413162	-0.8906584	0.649704	40	0.01	1431.14172	0
Thunderhawk Flyover	2.38999176	0	-159.151367	2.38999176	0	-4.69804	40	0.01	4888.3833	0
TideEffect	0	-1.2013855	-23.4885979	0	-1.2013855	0.0532646179	40	0.01	745.0902	0
Tidewall Gunrig	0	0.441861153	-83.93719	0	0.441861153	-8.63388252	40	0.01	2383.31836	0
TinyFlames	0.0108647346	0.06328845	-12.4879789	0.0108647346	0.06328845	0	40	0.01	395.239349	0
Toxic Vapors Damage	0	-1.31799984	-37.3011475	0	-1.31799984	0	40	0.01	1180.5658	0
Toxic Vapors Damage quick	0	-1.31799984	-37.3011475	0	-1.31799984	0	40	0.01	1180.5658	0
Toxic_Entanglement	0	-1.66800022	-37.3011475	0	-1.66800022	0	40	0.01	1180.5658	0
ToxicMiasma_Board	0.0291700363	0.208723545	-57.0986938	0.0291700363	0.208723545	-0.671937943	40	0.01	1785.88354	0
ToxicMiasma_Venomthrope	-1.10854149	2.21469259	-56.74357	-1.10854149	2.21469259	-1.56555557	40	0.01	1746.36121	0
ToxicMiasma_Warlord	-0.8657379	1.55039263	-56.3742142	-0.8657379	1.55039263	-0.747835159	40	0.01	1760.55188	0
Trait_GainQuest	0	-1.3380003	-37.3011475	0	-1.3380003	0	40	0.01	1180.5658	0
TraitorsHate_Board	0	2.50000024	-35.057415	0	2.50000024	-4.76837158E-07	40	0.01	1109.55261	0
TraitorsHate_Target	0.3259318	0.3551221	-18.950985	0.3259318	0.3551221	-0.497000217	40	0.01	584.061	0
Tyranid Spawn	0	-0.8380003	-58.31588	0	-0.8380003	0	40	0.01	1845.67334	0
Tyranid_Burrow	0	-1.31799984	-32.6385	0	-1.31799984	0	40	0.01	1032.995	0
TyranidInvasion_Spawn	0	1.16099834	-52.2591629	0	1.16099834	-0.1619997	40	0.01	1648.85364	0
UM_AvengingSon	-0.22559166	-1.3284626	-49.9518623	-0.22559166	-1.3284626	0.09570694	40	0.01	1583.98486	0
UM_Buff	0	-0.5803995	-21.6063557	0	-0.5803995	-0.00173544884	40	0.01	683.7772	0
UM_CardDraw	0	-1.30000019	-37.3008842	0	-1.30000019	0.0002641678	40	0.01	1180.5658	0
UM_DeathFromAbove	-3.28205681	7.037095	-42.5660973	-3.28205681	7.037095	2.725005	40	0.01	1433.44458	0
UM_MasterOfArcanaEffect	0	-1.30000019	-24.75572	0	-1.30000019	1.50646925	40	0.01	831.187439	0
UM_MightOfHeroesEffect	0	-0.8985014	-24.041256	0	-0.8985014	1.43051147E-06	40	0.01	760.8958	0
UM_StormravenShadow	-3.60298729	0	-66.89938	-3.60298729	0	3.00000048	40	0.01	2212.28638	0
UM_StormravenShadow_Perpendicular	9.536743E-07	-0.5	-72.21629	9.536743E-07	-0.5	5	40	0.01	2443.86377	0
UM_TacticalInsight	0.336582661	-0.594323158	-23.4332	0.336582661	-0.594323158	1.85429239	40	0.01	800.3386	0
UM_Target_LockOn_Crosshair	0	0.160000086	-15.5421438	0	0.160000086	0	40	0.01	491.9024	0
Unit Freezing	0.001203537	-1.28821278	-23.3624725	0.001203537	-1.28821278	-5.054474E-05	40	0.01	739.411	0
UnstableEffect	0	-1.31000042	-58.2830544	0	-1.31000042	0	40	0.01	1844.6344	0
UnstableEffect_ExplosionExtra	0	-5.51812553	-97.52708	0	-5.51812553	0	40	0.01	3086.69141	0
UnstableEffect_WaaaghEnergy	0	-1.31000042	-58.2830544	0	-1.31000042	0	40	0.01	1844.6344	0
Uprising Trait	0	-1.46999979	-43.736908	0	-1.46999979	0	40	0.01	1384.255	0
Valkyrie Flyover Hover Dust	8.215664	-1.29999924	-175.146957	8.215664	-1.29999924	1.87921715	40	0.01	5602.80469	0
Valkyrie_MultiLaser_Hover	-45.7152939	-21.8216133	-321.791748	-45.7152939	-21.8216133	43.5124	40	0.01	11561.7236	0
Vanguard Onslaught Board	0	-0.8380003	-124.693642	0	-0.8380003	8.460014	40	0.01	4214.258	0
VanguardIdleEffect	0	1.619	-31.2362442	0	1.619	-1.43051147E-06	40	0.01	988.6141	0
Vortex Explosion Massive	0	0	-155.421448	0	0	0	40	0.01	4919.02441	0
Vortex Warhead Impact	9.393692E-05	18.5204983	-75.5034943	9.393692E-05	18.5204983	0	40	0.01	2389.6543	0
VulnerableEffect	0.293808162	-0.426807761	-5.452365	0.293808162	-0.426807761	-0.0310000181	40	0.01	171.583939	0
VulnerableEffectEnd	0.54	0.496713877	-7.54649973	0.54	0.496713877	-0.0310000181	40	0.01	237.862442	0
Waaagh_Lightning	0	-0.7502899	-74.11549	0	-0.7502899	0	40	0.01	2345.72461	0
WailingDoom	0	-0.392939568	-60.1124725	0	-0.392939568	0	40	0.01	1902.53491	0
Warp Storm Target	0	-0.4779997	-38.89389	0	-0.4779997	0	40	0.01	1230.97546	0
Waystone UI Gain	0	0.0236148834	-58.1798134	0	0.0236148834	0.103263855	40	0.01	1844.63525	0
Waystone UI Spend	-1.20750141	0.0236148834	-60.4626961	-1.20750141	0.0236148834	0.103263855	40	0.01	1916.88745	0
WaystoneCollect	0	0	-3.885536	0	0	0	40	0.01	122.9756	0
WaystoneTrigger	0	0	-15.5421486	0	0	0	40	0.01	491.902527	0
WhileInPlay_Nurgle	0	-1.18799973	-37.3011475	0	-1.18799973	0	40	0.01	1180.5658	0
WhileInPlay_Tzeentch	0	-0.799655437	-38.0227661	0	-0.799655437	0	40	0.01	1203.40466	0
Whip Attack EC Daemon	-0.622771859	0.100511074	-37.9413757	-0.622771859	0.100511074	16.0074635	40	0.01	1707.45825	0
Whip Attack EC Lucius	0	-0.5757499	-42.84307	0	-0.5757499	15.665678	40	0.01	1851.77759	0
Whip Attack EC Maulerfiend	0	-0.575750351	-40.6093979	0	-0.575750351	16.0420856	40	0.01	1792.996	0
Whip Attack EC Normal	-1.13453412	0.382705837	-35.06172	-1.13453412	0.382705837	16.6281719	40	0.01	1635.96362	0
Wild Rider Chieftain	-0.379062653	-0.3048209	-9.478	-0.379062653	-0.3048209	0	40	0.01	299.974762	0
Will Of Gork	0	-0.23400116	-252.559921	0	-0.23400116	0	40	0.01	7993.4165	0
WorstTemperEffect	-0.07733488	-1.3744092	-19.8513947	-0.07733488	-1.3744092	0.0336737633	40	0.01	629.3542	0
