效果名	最大_dln	判定A	判定B
EnvironmentalCondition Sororitas Raging Storm	0.4120	偏暗（导出更暗/更稀）	对得上
StrikeEffect	0.2150	对得上	对得上
Environmental Condition Emperor's Children 2 Fumes	0.1960	对得上	对得上
ShieldTraitEffect_Idle Sororitas Variant	0.1830	对得上	对得上
Basic_army_Guard Digital	0.1720	对得上	对得上
Axe_Slash_User_SW	0.1250	对得上	对得上
Hammer_Slam_SW	0.1140	对得上	对得上
ShieldTraitEffect_Idle Necron Variant	0.0900	对得上	对得上
Teleport Trait Summon	0.0900	对得上	对得上
ScytheAssault	0.0840	对得上	对得上
RegimentEffect	0.0780	对得上	对得上
BulletImpact_deathspinner_arc_alt	0.0740	对得上	对得上
DutyEffect	0.0610	对得上	对得上
Environmental Condition Dark Angels Asteroid Zone	0.0560	对得上	对得上
Sau_ParticleWhip	0.0560	对得上	对得上
Hammer_Throw_SW	0.0540	对得上	对得上
Environmental Condition GSC Toxic Fumes	0.0490	对得上	对得上
VulnerableEffectEnd	0.0480	对得上	对得上
CamouflageEffect	0.0420	对得上	对得上
CardPrefab	0.0410	偏暗（导出更暗/更稀）	偏暗（导出更暗/更稀）
EnvironmentalCondition Sororitas Shrine Bombardment	0.0360	对得上	对得上
EC Sword Cut Board DMC Style	0.0350	偏暗（导出更暗/更稀）	偏暗（导出更暗/更稀）
Recon Scan Purple	0.0320	对得上	对得上
Environmental Condition Astra Militarum Factory Overdrive	0.0300	对得上	对得上
StompEffect	0.0250	对得上	对得上
ShieldTraitEffect_Idle TAU Variant	0.0240	对得上	对得上
Rapacious_Hunger	0.0220	对得上	对得上
